training-size,NDPM1,NDPM2,NDPM3,NDPM4,NDPM5,AVG-NDPM,std-deviation
10,0.326538,0.357211,0.369404,0.432463,0.388455,0.3748142,0.0393039119
11,0.33835,0.365212,0.376072,0.421414,0.426938,0.3855972,0.0378499955
12,0.348828,0.385407,0.36807,0.382359,0.434559,0.3838446,0.031826085
13,0.3755,0.360831,0.364641,0.393408,0.412841,0.3814442,0.0216302833
14,0.337969,0.373023,0.377215,0.389979,0.368832,0.3694036,0.0192738548
15,0.388455,0.37188,0.367308,0.342351,0.357211,0.365441,0.0171425757
16,0.365403,0.398933,0.348257,0.331301,0.373023,0.3633834,0.0255874144
17,0.352829,0.39036,0.315489,0.34559,0.363688,0.3535912,0.0272500817
18,0.329587,0.404077,0.350162,0.334921,0.312631,0.3462756,0.0349839298
19,0.333397,0.411126,0.331492,0.338922,0.306154,0.3442182,0.0394735395
20,0.369023,0.378167,0.328444,0.343875,0.321585,0.3482188,0.0247435852
21,0.350924,0.362736,0.300819,0.33092,0.271671,0.323414,0.0372398708
22,0.370928,0.381025,0.32711,0.324824,0.295485,0.3398744,0.035417373
23,0.380263,0.359497,0.324252,0.316441,0.273004,0.3306914,0.0414109949
24,0.335111,0.363688,0.318537,0.31587,0.332254,0.333092,0.0190350934
25,0.318346,0.341779,0.310726,0.310916,0.303486,0.3170506,0.0147885436
26,0.311678,0.381787,0.304439,0.287864,0.294913,0.3161362,0.0378036674
27,0.322538,0.370928,0.321966,0.338541,0.282149,0.3272244,0.0320915678
28,0.304058,0.343303,0.303677,0.299486,0.298724,0.3098496,0.0188544211
29,0.340636,0.316822,0.30501,0.295866,0.291484,0.3099636,0.0197015854
30,0.296818,0.370166,0.320823,0.324062,0.322538,0.3268814,0.026649967
31,0.33816,0.330158,0.3233,0.323871,0.329968,0.3290914,0.0060195195
32,0.31606,0.373976,0.269575,0.325205,0.273004,0.311564,0.0428704396
33,0.306154,0.309964,0.282339,0.325967,0.339493,0.3127834,0.0215984345
34,0.305582,0.313965,0.29377,0.301772,0.327681,0.308554,0.0129278383
35,0.319489,0.307678,0.290341,0.287293,0.291675,0.2992952,0.0137873025
36,0.292246,0.344256,0.279672,0.30863,0.30101,0.3051628,0.0243627283
37,0.293199,0.329206,0.288626,0.301962,0.299486,0.3024958,0.015823878
38,0.289007,0.315679,0.311297,0.296247,0.28996,0.300438,0.0123311261
39,0.30482,0.313393,0.287102,0.30482,0.283102,0.2986474,0.0129285578
40,0.283673,0.303296,0.270909,0.306344,0.308059,0.2944562,0.0163954723
41,0.294913,0.312059,0.272433,0.29377,0.281577,0.2909504,0.0149998339
42,0.264812,0.295675,0.269575,0.285197,0.278148,0.2786814,0.0123167242
43,0.297771,0.308059,0.260621,0.273766,0.265003,0.281044,0.0208385739
44,0.277767,0.283102,0.285769,0.269004,0.270909,0.2773102,0.0073360962
45,0.281958,0.315679,0.287293,0.289769,0.270147,0.2889692,0.0167354032
46,0.264622,0.29739,0.285578,0.270718,0.288245,0.2813106,0.0133749416
47,0.25281,0.30101,0.255096,0.258906,0.293961,0.2723566,0.0231769495
48,0.239284,0.297199,0.284816,0.272052,0.286721,0.2760144,0.0223925748
49,0.254334,0.298152,0.264431,0.279291,0.268051,0.2728518,0.0167214674
50,0.253001,0.303296,0.275481,0.262336,0.290532,0.2769292,0.0204197321
51,0.25262,0.290341,0.262145,0.262717,0.265003,0.2665652,0.0141115604
52,0.266527,0.283864,0.259669,0.273576,0.263669,0.269461,0.0095186464
53,0.254906,0.278529,0.254144,0.265193,0.25662,0.2618784,0.0102994554
54,0.268051,0.303105,0.272433,0.26767,0.264241,0.2751,0.0159232856
55,0.247666,0.274719,0.280244,0.260621,0.260621,0.2647742,0.0128976975
56,0.276624,0.256811,0.273004,0.260431,0.245571,0.2624882,0.0125803142
57,0.233759,0.282911,0.263098,0.269004,0.243094,0.2583732,0.0198541813
58,0.250714,0.271671,0.260621,0.250524,0.255096,0.2577252,0.0088147305
59,0.244999,0.249762,0.272814,0.232806,0.247285,0.2495332,0.0145555882
60,0.245571,0.261955,0.250905,0.244046,0.25662,0.2518194,0.0075179872
61,0.280815,0.268242,0.278529,0.246333,0.251095,0.2650028,0.0156960545
62,0.268051,0.265765,0.251476,0.240998,0.284054,0.2620688,0.0164998762
63,0.248238,0.247285,0.264622,0.239855,0.261383,0.2522766,0.0103785588
64,0.276243,0.242713,0.249762,0.233378,0.243475,0.2491142,0.0162541946
65,0.265003,0.23795,0.253572,0.244999,0.239665,0.2482378,0.0111730387
66,0.255096,0.254906,0.255287,0.232616,0.247476,0.2490762,0.0097762137
67,0.240427,0.232616,0.215089,0.257382,0.253382,0.2397792,0.0170017043
68,0.250524,0.236998,0.265193,0.227662,0.235473,0.24317,0.0148064961
69,0.252048,0.242713,0.239093,0.238522,0.232616,0.2409984,0.0071599799
70,0.236426,0.24176,0.251476,0.229187,0.251476,0.242065,0.009680755
71,0.226138,0.23052,0.251095,0.232806,0.265003,0.2411124,0.0164000072
72,0.252048,0.220042,0.234521,0.250143,0.26405,0.2441608,0.0170895961
73,0.257573,0.232235,0.269575,0.242522,0.247476,0.2498762,0.0143033266
74,0.23433,0.217756,0.230139,0.262145,0.259478,0.2407696,0.0193068372
75,0.234521,0.212612,0.253953,0.253572,0.260812,0.243094,0.0196486802
76,0.228615,0.222519,0.253572,0.251857,0.257573,0.2428272,0.0160377387
77,0.217375,0.208802,0.251286,0.220994,0.242903,0.228272,0.0179896161
78,0.228043,0.21566,0.258716,0.238903,0.252239,0.2387122,0.0175242581
79,0.257763,0.234711,0.248047,0.242141,0.268432,0.2502188,0.0132202027
80,0.218327,0.214898,0.238522,0.226329,0.25281,0.2301772,0.0155769795
81,0.209183,0.228424,0.261574,0.233949,0.248809,0.2363878,0.0199881332
82,0.23776,0.218137,0.244618,0.245571,0.25281,0.2397792,0.0132214094
83,0.207468,0.225757,0.216803,0.240617,0.250714,0.2282718,0.0175122242
84,0.209754,0.217946,0.25262,0.247666,0.258144,0.237226,0.0218515488
85,0.210516,0.212802,0.250714,0.254906,0.240808,0.2339492,0.0209976669
86,0.206516,0.229377,0.245761,0.239665,0.237569,0.2317776,0.0152905051
87,0.202896,0.203658,0.257382,0.214327,0.251667,0.225986,0.026518119
88,0.197561,0.225948,0.249952,0.221185,0.242903,0.2275098,0.0204937544
89,0.19718,0.221376,0.260812,0.209754,0.25662,0.2291484,0.0283540294
90,0.214708,0.221757,0.247095,0.203086,0.244809,0.226291,0.0191632318
91,0.191465,0.209183,0.247476,0.211088,0.225948,0.217032,0.0209579437
92,0.190512,0.205182,0.229568,0.220994,0.228615,0.2149742,0.016804574
93,0.210135,0.196799,0.241951,0.212612,0.240808,0.220461,0.0200246338
94,0.202134,0.221185,0.242903,0.217565,0.242713,0.2253,0.017510748
95,0.219851,0.199467,0.203086,0.226138,0.213946,0.2124976,0.0111871088
96,0.212231,0.215279,0.238712,0.218708,0.231092,0.2232044,0.011248833
97,0.196609,0.20823,0.224805,0.209945,0.248238,0.2175654,0.0198595763
98,0.200419,0.214327,0.21566,0.196799,0.229568,0.2113546,0.0131391819
99,0.213183,0.207278,0.228615,0.20061,0.218708,0.2136788,0.0107283796
100,0.219089,0.204801,0.216803,0.21566,0.225186,0.2163078,0.0074099397
101,0.197561,0.201943,0.20461,0.203086,0.219851,0.2054102,0.0084883795
102,0.198895,0.191656,0.221757,0.207278,0.217184,0.207354,0.0124705951
103,0.169937,0.198514,0.220613,0.213755,0.2229,0.2051438,0.0218643807
104,0.194513,0.215279,0.225757,0.210897,0.223662,0.2140216,0.0124758424
105,0.185178,0.203467,0.216232,0.203658,0.203658,0.2024386,0.0110929896
106,0.184797,0.204229,0.218899,0.215089,0.203848,0.2053724,0.0132698857
107,0.183845,0.206897,0.232616,0.203658,0.194704,0.204344,0.0181620001
108,0.172223,0.189179,0.204229,0.183845,0.2008,0.1900552,0.0129775672
109,0.185178,0.205753,0.219661,0.194132,0.200038,0.2009524,0.0129348672
110,0.162507,0.199467,0.208421,0.202324,0.199848,0.1945134,0.0182471406
111,0.17089,0.202896,0.235664,0.208802,0.211659,0.2059822,0.0232495899
112,0.187655,0.190131,0.216803,0.198514,0.193942,0.197409,0.0115917875
113,0.162317,0.201372,0.225376,0.186131,0.191656,0.1933704,0.0229567298
114,0.20061,0.200991,0.216803,0.194513,0.184226,0.1994286,0.0118426005
115,0.191275,0.198133,0.219661,0.204039,0.186512,0.199924,0.012887756
116,0.182511,0.191846,0.2229,0.187274,0.176986,0.1923034,0.0179733821
117,0.174128,0.199657,0.223662,0.182701,0.184035,0.1928366,0.0195379976
118,0.176415,0.216041,0.201562,0.203086,0.192227,0.1978662,0.0146899895
119,0.188607,0.194513,0.209373,0.190703,0.192799,0.195199,0.0082280215
120,0.17108,0.190703,0.212612,0.206897,0.18975,0.1942084,0.0163308076
121,0.16727,0.182892,0.223281,0.19318,0.172985,0.1879216,0.0220953922
122,0.202705,0.180987,0.194513,0.184035,0.185559,0.1895598,0.0089072048
123,0.192227,0.180034,0.226329,0.194132,0.181939,0.1949322,0.0186044154
124,0.206325,0.164412,0.198323,0.194894,0.201372,0.1930652,0.0165591369
125,0.181368,0.183273,0.21185,0.181177,0.180225,0.1875786,0.0136131051
126,0.180415,0.189369,0.198514,0.176605,0.178701,0.1847208,0.009117322
127,0.161555,0.18575,0.219661,0.192227,0.181558,0.1881502,0.0210123389
128,0.175462,0.175653,0.19337,0.179082,0.187845,0.1822824,0.0079778875
129,0.177939,0.180606,0.187274,0.196609,0.18975,0.1864356,0.007439131
130,0.187274,0.178891,0.211469,0.184988,0.162698,0.185064,0.0176100666
131,0.193561,0.177939,0.222519,0.179844,0.180225,0.1908176,0.0187815496
132,0.18956,0.17108,0.196228,0.162126,0.179653,0.1797294,0.0137253611
133,0.190703,0.185178,0.210135,0.197942,0.18956,0.1947036,0.0097700284
134,0.157554,0.178891,0.20442,0.184797,0.178129,0.1807582,0.0167707089
135,0.157554,0.184988,0.203848,0.174128,0.184035,0.1809106,0.0169118731
136,0.179463,0.177177,0.20823,0.181939,0.183082,0.1859782,0.012646686
137,0.186702,0.167079,0.212612,0.195656,0.169175,0.1862448,0.0189915436
138,0.188417,0.183845,0.219851,0.196799,0.184988,0.19478,0.0149045015
139,0.173557,0.175653,0.197561,0.196228,0.178891,0.184378,0.0115924633
140,0.166698,0.180987,0.207659,0.181749,0.179272,0.183273,0.0149412516
141,0.155839,0.187274,0.211278,0.183845,0.174319,0.182511,0.0201897899
142,0.178701,0.180606,0.20442,0.17489,0.159268,0.179577,0.0162282494
143,0.177367,0.171271,0.200419,0.190703,0.176415,0.183235,0.01199108
144,0.182701,0.184797,0.183273,0.171461,0.198705,0.1841874,0.0096971528
145,0.17489,0.175081,0.177177,0.179272,0.171652,0.1756144,0.002842958
146,0.176034,0.171271,0.181368,0.167841,0.180606,0.175424,0.0058588748
147,0.16346,0.176224,0.19718,0.184035,0.172795,0.1787388,0.0126809138
148,0.175271,0.168794,0.180796,0.177558,0.169937,0.1744712,0.0050734771
149,0.169937,0.174509,0.19718,0.16727,0.175843,0.1769478,0.0118249881
150,0.159078,0.174319,0.188036,0.175271,0.179082,0.1751572,0.0104943288
151,0.180415,0.169747,0.187845,0.180034,0.167841,0.1771764,0.0082888345
152,0.165174,0.176034,0.177367,0.164031,0.164793,0.1694798,0.006621195
153,0.158887,0.176986,0.192989,0.172223,0.16365,0.172947,0.013253653
154,0.163079,0.164793,0.194132,0.171652,0.16346,0.1714232,0.0131599746
155,0.165936,0.177177,0.184226,0.15984,0.163079,0.1700516,0.0102654399
156,0.172033,0.169175,0.191656,0.163269,0.1526,0.1697466,0.0143312713
157,0.172985,0.162888,0.17489,0.17108,0.146885,0.1657456,0.0114931816
158,0.162507,0.168223,0.184226,0.170699,0.154125,0.167956,0.0111051385
159,0.153744,0.1747,0.165174,0.175653,0.148028,0.1634598,0.0123540674
160,0.165174,0.167841,0.168604,0.171271,0.157935,0.166165,0.0050878265
161,0.165555,0.162698,0.173176,0.151838,0.153934,0.1614402,0.0087290882
162,0.16746,0.165746,0.164222,0.160983,0.160221,0.1637264,0.0030853786
163,0.176415,0.153553,0.172795,0.164031,0.157744,0.1649076,0.0096907671
164,0.169366,0.169937,0.157173,0.165936,0.14498,0.1614784,0.0105399955
165,0.159268,0.15984,0.165174,0.166127,0.159268,0.1619354,0.0034160938
166,0.159078,0.157363,0.167841,0.173747,0.157554,0.1631166,0.0073430593
167,0.175271,0.159649,0.170509,0.160983,0.143837,0.1620498,0.0120930371
168,0.158697,0.163269,0.175271,0.149933,0.144789,0.1583918,0.0118888087
169,0.137931,0.158316,0.158316,0.154315,0.136216,0.1490188,0.0110428324
170,0.164984,0.176034,0.162317,0.143075,0.138312,0.1569444,0.0157911321
171,0.164793,0.161936,0.166889,0.148028,0.145742,0.1574776,0.0098613653
172,0.179844,0.158506,0.164031,0.156411,0.141551,0.1600686,0.0138337298
173,0.153172,0.166127,0.1747,0.148028,0.141551,0.1567156,0.0135093457
174,0.175271,0.165746,0.166127,0.146314,0.144789,0.1596494,0.0134334154
175,0.167841,0.164793,0.168604,0.164222,0.135264,0.1601448,0.0140363198
176,0.169366,0.157554,0.163841,0.162507,0.140217,0.158697,0.0111537129
177,0.169175,0.153172,0.166127,0.153363,0.145171,0.1574016,0.0099816448
178,0.160221,0.159649,0.164222,0.150695,0.132406,0.1534386,0.0127548945
179,0.161936,0.164222,0.158697,0.142884,0.136026,0.152753,0.012533817
180,0.149743,0.162507,0.155268,0.160602,0.138884,0.1534008,0.0095181876
181,0.164031,0.166508,0.166127,0.170128,0.123833,0.1581254,0.0192950823
182,0.155077,0.177939,0.156411,0.152219,0.132787,0.1548866,0.0160412095
183,0.148981,0.161555,0.16746,0.154696,0.152982,0.1571348,0.0073455066
184,0.169747,0.148219,0.177558,0.155268,0.127262,0.1556108,0.0196209226
185,0.147647,0.157935,0.167651,0.162126,0.133359,0.1537436,0.0135457437
186,0.15984,0.154696,0.173747,0.1747,0.121928,0.1569822,0.0214311084
187,0.143075,0.161745,0.17851,0.160412,0.127643,0.154277,0.0194647264
188,0.141551,0.15241,0.168794,0.164793,0.136788,0.1528672,0.0139883322
189,0.131454,0.145361,0.173366,0.172985,0.114307,0.1474946,0.0258957512
190,0.139455,0.16346,0.174509,0.162126,0.128977,0.1537054,0.0187977137
191,0.140789,0.165365,0.178129,0.1486,0.134311,0.1534388,0.0180356895
192,0.141551,0.156601,0.163841,0.158697,0.127643,0.1496666,0.0148446081
193,0.148219,0.138312,0.172414,0.158697,0.138503,0.151229,0.0145123681
194,0.13012,0.158506,0.149362,0.172033,0.140789,0.150162,0.0161100735
195,0.143265,0.1526,0.171271,0.155268,0.131263,0.1507334,0.0148384069
196,0.146314,0.148219,0.166698,0.154315,0.130882,0.1492856,0.0130110249
197,0.131644,0.152029,0.183273,0.154696,0.129739,0.1502762,0.021681393
198,0.135073,0.157935,0.164412,0.158316,0.1225,0.1476472,0.0179667249
199,0.141932,0.151457,0.174128,0.155458,0.119261,0.1484472,0.0200748338
200,0.13393,0.150695,0.165555,0.148219,0.125357,0.1447512,0.0155995661
201,0.128215,0.151267,0.153744,0.149171,0.123452,0.1411698,0.0141935763
202,0.127072,0.146123,0.172223,0.153744,0.128215,0.1454754,0.0188469479
203,0.136978,0.151457,0.168985,0.150124,0.137359,0.1489806,0.0131028616
204,0.150314,0.1526,0.164222,0.152219,0.135835,0.151038,0.010115679
205,0.134692,0.147647,0.173176,0.146885,0.128977,0.1462754,0.017024284
206,0.136978,0.154315,0.153172,0.148219,0.124214,0.1433796,0.0127200095
207,0.123262,0.143265,0.160221,0.143265,0.13012,0.1400266,0.0142125015
208,0.114117,0.155649,0.16003,0.149552,0.120785,0.1400266,0.0210741262
209,0.137359,0.1526,0.161745,0.140979,0.12269,0.1430746,0.0149324196
210,0.124024,0.164412,0.15603,0.142122,0.101353,0.1375882,0.0253828132
211,0.121737,0.157554,0.1526,0.142313,0.123071,0.139455,0.0165143572
212,0.116784,0.122881,0.156411,0.147457,0.128024,0.1343114,0.0168715316
213,0.135835,0.143456,0.149552,0.151457,0.115832,0.1392264,0.0144299571
214,0.144027,0.158316,0.161174,0.139455,0.144027,0.1493998,0.0096794036
215,0.127453,0.142122,0.154315,0.157363,0.11526,0.1393026,0.0178742752
216,0.134692,0.14498,0.149933,0.145742,0.117546,0.1385786,0.0130258449
217,0.130882,0.138884,0.154696,0.148409,0.112593,0.1370928,0.016431309
218,0.126691,0.132406,0.151267,0.138884,0.109545,0.1317586,0.0154182742
219,0.132787,0.151457,0.149743,0.129358,0.121737,0.1370164,0.0130431616
220,0.130882,0.132787,0.153934,0.146504,0.123262,0.1374738,0.0124486533
221,0.152029,0.151838,0.149171,0.146504,0.115641,0.1430366,0.0154798298
222,0.13755,0.138122,0.14136,0.148219,0.109354,0.134921,0.0149091168
223,0.130311,0.139836,0.152982,0.14136,0.119642,0.1368262,0.0125336415
224,0.130692,0.143265,0.140217,0.132406,0.100972,0.1295104,0.0167931627
225,0.125548,0.148219,0.139074,0.138312,0.122881,0.1348068,0.0104681973
226,0.135835,0.133549,0.146885,0.139455,0.113926,0.13393,0.0122708175
227,0.128977,0.145933,0.142884,0.141551,0.113545,0.134578,0.0134192649
228,0.124214,0.139074,0.151076,0.150505,0.11907,0.1367878,0.0147441669
229,0.128977,0.147457,0.14117,0.139455,0.12269,0.1359498,0.009954833
230,0.130882,0.146314,0.136978,0.148219,0.113736,0.1352258,0.0139240954
231,0.1225,0.138312,0.137169,0.135645,0.108402,0.1284056,0.0128682067
232,0.136978,0.141551,0.148028,0.124214,0.103067,0.1307676,0.0177696729
233,0.120213,0.139646,0.154125,0.137169,0.118308,0.1338922,0.0148593206
234,0.127072,0.141551,0.151838,0.135835,0.112783,0.1338158,0.014803443
235,0.115832,0.135645,0.145742,0.142313,0.102305,0.1283674,0.0186125287
236,0.130501,0.150505,0.137931,0.137359,0.114117,0.1340826,0.0132918513
237,0.120023,0.138503,0.138884,0.133168,0.117737,0.129663,0.0101318377
238,0.112593,0.129739,0.143265,0.128215,0.109926,0.1247476,0.0136678927
239,0.119261,0.140408,0.140408,0.136978,0.117356,0.1308822,0.0115828633
240,0.127262,0.13393,0.128024,0.132978,0.115451,0.127529,0.0073630632
241,0.109735,0.125738,0.150695,0.144027,0.120975,0.130234,0.0168452624
242,0.11507,0.129739,0.150124,0.136216,0.115641,0.129358,0.0147538733
243,0.124024,0.117546,0.152029,0.11888,0.114307,0.1253572,0.0153153373
244,0.119642,0.129167,0.142503,0.134311,0.12269,0.1296626,0.0091618597
245,0.128024,0.127643,0.144789,0.135835,0.117165,0.1306912,0.0103025508
246,0.112212,0.13374,0.158506,0.127453,0.104972,0.1273766,0.0208654585
247,0.128405,0.127834,0.148409,0.136216,0.119451,0.132063,0.0108945752
248,0.117165,0.135264,0.130501,0.141741,0.12993,0.1309202,0.0090321656
249,0.119451,0.126119,0.126881,0.130692,0.112783,0.1231852,0.0070846344
250,0.121737,0.120023,0.136216,0.130882,0.116403,0.1250522,0.0082114107
251,0.123262,0.130882,0.146123,0.133359,0.103829,0.127491,0.0155793005
252,0.121166,0.129167,0.136407,0.125738,0.105734,0.1236424,0.0114530684
253,0.116784,0.122118,0.123643,0.128596,0.109735,0.1201752,0.0071973605
254,0.116975,0.123643,0.131263,0.136026,0.119261,0.1254336,0.0080472976
255,0.111259,0.122309,0.1526,0.134121,0.111831,0.126424,0.0173514616
256,0.127262,0.121737,0.146885,0.125929,0.124976,0.1293578,0.0100078538
257,0.124976,0.120594,0.134121,0.125929,0.115832,0.1242904,0.0068008025
258,0.120404,0.105544,0.129167,0.127072,0.102115,0.1168604,0.0123872314
259,0.115832,0.114498,0.140408,0.1225,0.1004,0.1187276,0.0145468698
260,0.104401,0.121166,0.140027,0.128786,0.121356,0.1231472,0.0129930489
261,0.114117,0.116594,0.130501,0.125357,0.119261,0.121166,0.0066881858
262,0.118499,0.113926,0.112021,0.134883,0.10783,0.1174318,0.0104814747
263,0.119642,0.121166,0.128596,0.127072,0.109354,0.121166,0.0076146513
264,0.123071,0.108973,0.119642,0.139646,0.118499,0.1219662,0.0111808155
265,0.115451,0.126119,0.129358,0.133168,0.111831,0.1231854,0.0091529045
266,0.104972,0.112212,0.119261,0.140598,0.110116,0.1174318,0.0139286813
267,0.128977,0.118499,0.129358,0.120023,0.0981139,0.11899418,0.0126920765
268,0.11907,0.118499,0.124976,0.121928,0.109545,0.1188036,0.0057824264
269,0.124595,0.127262,0.113736,0.129548,0.114689,0.121966,0.0072995481
270,0.12269,0.100781,0.124976,0.113355,0.110497,0.1144598,0.0097770214
271,0.117546,0.115641,0.112974,0.115641,0.11145,0.1146504,0.0024186749
272,0.120213,0.112783,0.128405,0.109926,0.10764,0.1157934,0.0084934113
273,0.116213,0.114498,0.114879,0.124595,0.110688,0.1161746,0.0051355856
274,0.121737,0.111259,0.116403,0.134502,0.11526,0.1198322,0.0090138155
275,0.120213,0.108211,0.119261,0.116213,0.112021,0.1151838,0.0050398142
276,0.11526,0.116594,0.114879,0.120594,0.111069,0.1156792,0.0034300915
277,0.124024,0.107068,0.110116,0.118499,0.108783,0.113698,0.007256389
278,0.116403,0.109926,0.117737,0.120594,0.107449,0.1144218,0.0055191466
279,0.115641,0.116975,0.124595,0.120975,0.114689,0.118575,0.0041312756
280,0.11907,0.116022,0.120213,0.12269,0.121737,0.1199464,0.0025968085
281,0.113736,0.118118,0.109735,0.114307,0.0937321,0.10992562,0.0095275522
282,0.102305,0.109735,0.119832,0.110307,0.111259,0.1106876,0.0062303057
283,0.114117,0.109354,0.120023,0.118118,0.099257,0.1121738,0.0082993144
284,0.114117,0.112974,0.106687,0.120404,0.108973,0.112631,0.0052786711
285,0.108783,0.10021,0.116213,0.120404,0.0948752,0.10809704,0.0106632906
286,0.102686,0.099638,0.112783,0.103639,0.106115,0.1049722,0.0049439966
287,0.105734,0.112593,0.117737,0.115641,0.106687,0.1116784,0.0053267084
288,0.109354,0.108783,0.114307,0.10783,0.0963993,0.10733466,0.0066071251
289,0.106496,0.106878,0.118308,0.115641,0.105163,0.1104972,0.006021403
290,0.104972,0.101162,0.111831,0.10764,0.0929701,0.10371502,0.0071558685
291,0.102305,0.108973,0.124214,0.116975,0.0994475,0.1103829,0.0102661868
292,0.101543,0.10783,0.107068,0.112783,0.105353,0.1069154,0.0040802048
293,0.110497,0.112402,0.104401,0.100591,0.0983044,0.10523908,0.006110441
294,0.103448,0.0990665,0.10783,0.112212,0.105353,0.1055819,0.004900728
295,0.103639,0.10764,0.110497,0.116594,0.0929701,0.10626802,0.0088053803
296,0.109926,0.116213,0.110116,0.108021,0.0946847,0.10779214,0.0079486151
297,0.0958278,0.110307,0.117737,0.109735,0.0981139,0.10634414,0.009156005
298,0.100781,0.10421,0.10402,0.121547,0.103829,0.1068774,0.0083206934
299,0.098495,0.106878,0.108021,0.109164,0.101353,0.1047822,0.0046198125
300,0.110497,0.108211,0.109545,0.105544,0.0973519,0.10622978,0.0053012293
301,0.100591,0.106496,0.110116,0.112593,0.0981139,0.10558198,0.0061487656
302,0.0963993,0.113355,0.102496,0.112783,0.0925891,0.10352448,0.0094043582
303,0.116784,0.112212,0.112783,0.10402,0.104972,0.1101542,0.0054677003
304,0.110116,0.112402,0.110116,0.106878,0.0973519,0.10737278,0.005937306
305,0.114307,0.111069,0.120023,0.108402,0.0979234,0.11034488,0.0081846915
306,0.0937321,0.106115,0.0960183,0.108783,0.0986855,0.10066678,0.0065034558
307,0.0986855,0.116594,0.121737,0.108783,0.0939227,0.10794444,0.0117056604
308,0.103448,0.108211,0.102305,0.114498,0.0887788,0.10344816,0.0095036907
309,0.102686,0.112212,0.10402,0.104972,0.0954468,0.10386736,0.0059828502
310,0.0906839,0.116594,0.112021,0.109164,0.098876,0.10546778,0.010516822
311,0.0981139,0.101543,0.105163,0.120785,0.104782,0.10607738,0.008700658
312,0.099257,0.10764,0.114879,0.114689,0.0962088,0.10653476,0.0086158396
313,0.092208,0.109164,0.105925,0.109735,0.099257,0.1032578,0.0074507677
314,0.0956373,0.100972,0.123452,0.105544,0.0929701,0.10371508,0.0120532213
315,0.0977329,0.112402,0.11145,0.113355,0.109545,0.10889698,0.0063979221
316,0.106115,0.10421,0.106878,0.112021,0.0887788,0.10360056,0.0087753037
317,0.111259,0.0986855,0.101353,0.113355,0.098876,0.1047057,0.0070573532
318,0.0962088,0.108021,0.110878,0.102686,0.0830634,0.10017144,0.01107877
319,0.105163,0.106306,0.113355,0.113164,0.0933511,0.10626782,0.0081524407
320,0.101734,0.116784,0.114498,0.101162,0.0868737,0.10421034,0.0120407288
321,0.107449,0.106496,0.117737,0.112593,0.103639,0.1095828,0.0055893308
322,0.0956373,0.114307,0.11526,0.112021,0.091446,0.10573426,0.011290014
323,0.104782,0.108021,0.109926,0.110307,0.092208,0.1050488,0.0075037832
324,0.105734,0.103829,0.106496,0.106878,0.0965898,0.10390536,0.0042548554
325,0.103258,0.0981139,0.117927,0.114117,0.092208,0.10512478,0.0107730842
326,0.0908745,0.104401,0.107068,0.103639,0.0929701,0.09979052,0.0073321651
327,0.0986855,0.101924,0.107259,0.11526,0.0866832,0.10196234,0.0105956788
328,0.0937321,0.0891598,0.114307,0.10421,0.0903029,0.09834236,0.0107180426
329,0.0990665,0.0965898,0.110116,0.112021,0.0885883,0.10127632,0.0097649977
330,0.0948752,0.0956373,0.118118,0.0994475,0.0887788,0.09937136,0.0111557529
331,0.091827,0.0981139,0.108592,0.100781,0.0834445,0.09655168,0.0094791581
332,0.0904934,0.0880168,0.103258,0.0977329,0.0935416,0.09460854,0.0060435618
333,0.091065,0.0933511,0.101734,0.0937321,0.0903029,0.09403702,0.0045437737
334,0.0952562,0.0967803,0.102877,0.0979234,0.0895409,0.09647556,0.0048151814
335,0.0855401,0.0838255,0.098495,0.0933511,0.0958278,0.0914079,0.0064316093
336,0.0904934,0.0861116,0.0937321,0.1004,0.0773481,0.08961704,0.0086137818
337,0.0904934,0.0931606,0.0889693,0.0950657,0.0876357,0.09106494,0.0030362775
338,0.0857306,0.092208,0.0950657,0.0994475,0.0891598,0.09232232,0.005285823
339,0.0901124,0.0925891,0.102305,0.0943037,0.0838255,0.09262714,0.0067131598
340,0.0883978,0.0811583,0.0965898,0.0952562,0.0864927,0.08957896,0.0063876949
341,0.0834445,0.083635,0.0903029,0.0958278,0.0811583,0.0868737,0.006059078
342,0.0838255,0.0958278,0.0912555,0.0920175,0.0872547,0.0900362,0.0046169365
343,0.0813488,0.0866832,0.0935416,0.0847781,0.0906839,0.08740712,0.0048090586
344,0.0845875,0.0815393,0.0834445,0.0901124,0.083254,0.08458754,0.0032749319
345,0.0901124,0.0817299,0.0851591,0.0868737,0.0744904,0.0836731,0.0059584945
346,0.0923986,0.0893504,0.0903029,0.0849686,0.0788722,0.08717854,0.0053760289
347,0.0901124,0.0783006,0.0920175,0.0943037,0.0847781,0.08790246,0.0064177606
348,0.0802058,0.0967803,0.0925891,0.0933511,0.0937321,0.09133168,0.0064205499
349,0.091446,0.0733473,0.0811583,0.0876357,0.0847781,0.08367308,0.0068972379
350,0.0834445,0.084016,0.0830634,0.092208,0.0817299,0.08489236,0.0041751989
351,0.0889693,0.0931606,0.0851591,0.0960183,0.084016,0.08946466,0.0051254584
352,0.0821109,0.0800152,0.0851591,0.0842065,0.0863022,0.08355878,0.0025079989
353,0.0811583,0.0845875,0.0916365,0.0906839,0.0857306,0.08675936,0.0043685153
354,0.0906839,0.0803963,0.0943037,0.0887788,0.0903029,0.08889312,0.0051642465
355,0.0912555,0.0760145,0.091827,0.0916365,0.0754429,0.08523528,0.0086830716
356,0.0876357,0.0773481,0.0802058,0.083254,0.0807773,0.08184418,0.0038589686
357,0.0771576,0.0826824,0.0828729,0.0954468,0.0723947,0.08211088,0.0086268941
358,0.0863022,0.0824919,0.0819204,0.0872547,0.0817299,0.08393982,0.0026280955
359,0.0775386,0.075824,0.084397,0.0880168,0.0748714,0.08012956,0.0057731873
360,0.091446,0.0693465,0.0786817,0.0946847,0.0834445,0.08352068,0.0101461193
361,0.0819204,0.0842065,0.0750619,0.0891598,0.0798247,0.08203466,0.0052201741
362,0.0943037,0.0792532,0.0788722,0.0893504,0.076586,0.0836731,0.0077144756
363,0.0821109,0.0819204,0.0849686,0.0830634,0.0746809,0.08134884,0.0039182655
364,0.0863022,0.0788722,0.0853496,0.0927796,0.0708706,0.08283484,0.0083079843
365,0.0817299,0.0786817,0.0866832,0.0805868,0.0727758,0.08009148,0.0050469592
366,0.0863022,0.0851591,0.0807773,0.0830634,0.0697276,0.08100592,0.006648035
367,0.0864927,0.0733473,0.0857306,0.084016,0.076205,0.08115832,0.0059807002
368,0.084397,0.0790627,0.0857306,0.0851591,0.0737283,0.08161554,0.005146664
369,0.0874452,0.0807773,0.0851591,0.084016,0.0712517,0.08172986,0.0063314777
370,0.0885883,0.0796342,0.0819204,0.0901124,0.0742999,0.08291104,0.006518467
371,0.0823014,0.0716327,0.0866832,0.0891598,0.0712517,0.08020576,0.0083695328
372,0.0866832,0.0805868,0.0794437,0.0853496,0.0643932,0.0792913,0.0088740931
373,0.083254,0.069156,0.0756335,0.0876357,0.0685845,0.07685274,0.0084607698
374,0.0880168,0.0802058,0.0786817,0.0786817,0.0744904,0.08001528,0.0049533269
375,0.0872547,0.0752524,0.076967,0.0834445,0.0750619,0.0795961,0.0054727325
376,0.0815393,0.0699181,0.0872547,0.091065,0.0708706,0.08012954,0.0095176296
377,0.0857306,0.0828729,0.0786817,0.083254,0.076205,0.08134884,0.00383161
378,0.076967,0.0767765,0.0811583,0.0889693,0.0746809,0.0797104,0.0056844861
379,0.0859211,0.0706801,0.0826824,0.0855401,0.0727758,0.0795199,0.0072602432
380,0.0872547,0.076205,0.0811583,0.0754429,0.0697276,0.0779577,0.0065918277
381,0.0809678,0.0781101,0.075824,0.0912555,0.0722042,0.07967232,0.0072261892
382,0.0872547,0.076205,0.068394,0.0889693,0.0714422,0.07845304,0.0092662127
383,0.0847781,0.0649648,0.0712517,0.0805868,0.0693465,0.07418558,0.0082192492
384,0.0828729,0.069156,0.0834445,0.0906839,0.0661078,0.07845302,0.0104029284
385,0.0946847,0.0777291,0.0731568,0.0823014,0.0695371,0.07948182,0.0097602888
386,0.0798247,0.0811583,0.0792532,0.0853496,0.0739188,0.07990092,0.0041073175
387,0.0851591,0.0722042,0.076586,0.0792532,0.0750619,0.07765288,0.0049102924
388,0.0811583,0.0657268,0.0697276,0.0821109,0.068013,0.07334732,0.007704567
389,0.0678224,0.0661078,0.0716327,0.0771576,0.0744904,0.07144218,0.0045703497
390,0.0792532,0.0763955,0.0725853,0.0756335,0.0619166,0.07315682,0.0067167332
391,0.0893504,0.0655363,0.0714422,0.0861116,0.0674414,0.07597638,0.0109998527
392,0.0798247,0.0720137,0.0678224,0.0870642,0.0723947,0.07582394,0.0076264635
393,0.0878263,0.0655363,0.0773481,0.0864927,0.0744904,0.07833876,0.0091678026
394,0.0859211,0.0712517,0.0662983,0.0903029,0.0689655,0.0765479,0.0108126515
395,0.0897314,0.0649648,0.0733473,0.0813488,0.0702991,0.07593828,0.0097269558
396,0.0824919,0.0600114,0.0632501,0.084016,0.0615355,0.07026098,0.0119282889
397,0.0891598,0.0649648,0.075824,0.0863022,0.0630596,0.07586208,0.011921421
398,0.0821109,0.0636312,0.0647742,0.0777291,0.0640122,0.07045152,0.0087908743
399,0.0838255,0.0645837,0.069156,0.0872547,0.0712517,0.07521432,0.0098048311
400,0.0882073,0.0699181,0.0773481,0.0859211,0.0569632,0.07567156,0.0127290384
401,0.083254,0.0664889,0.0720137,0.0819204,0.0622976,0.07319492,0.0092525221
402,0.0874452,0.0621071,0.0737283,0.0722042,0.0643932,0.0719756,0.0099663537
403,0.0899219,0.0712517,0.0682035,0.0754429,0.0664889,0.07426178,0.0093916905
404,0.0893504,0.0586778,0.0651553,0.0752524,0.0596304,0.06961326,0.0128498033
405,0.0866832,0.0628691,0.0647742,0.0748714,0.0722042,0.07228042,0.0094746417
406,0.091446,0.061345,0.0621071,0.0754429,0.0596304,0.06999428,0.013548906
407,0.0891598,0.0708706,0.0704896,0.0792532,0.0546771,0.07289006,0.0127156039
408,0.0870642,0.0643932,0.0708706,0.0842065,0.0581063,0.07292816,0.0124879463
409,0.0824919,0.0655363,0.0659173,0.076586,0.0562012,0.06934654,0.0102991244
410,0.0821109,0.0678224,0.0767765,0.0805868,0.0622976,0.07391884,0.0085433828
411,0.0689655,0.0645837,0.0699181,0.0771576,0.0672509,0.06957516,0.0046983919
412,0.0842065,0.0653458,0.0685845,0.0885883,0.0632501,0.07399504,0.0115841938
413,0.0882073,0.0695371,0.0754429,0.0830634,0.0661078,0.0764717,0.0091887478
414,0.0802058,0.0621071,0.0775386,0.0786817,0.0584873,0.0714041,0.0102633256
415,0.0826824,0.0647742,0.0649648,0.0767765,0.0706801,0.0719756,0.0077519998
416,0.0863022,0.0672509,0.0699181,0.0741094,0.0607735,0.07167082,0.0095050415
417,0.0851591,0.0643932,0.0710612,0.0775386,0.0651553,0.07266148,0.0087642012
418,0.0826824,0.0632501,0.075824,0.0744904,0.0562012,0.07048962,0.0106030105
419,0.0826824,0.0565822,0.060583,0.076967,0.0541055,0.06618402,0.0128250362
420,0.091827,0.0649648,0.060964,0.084397,0.0720137,0.0748333,0.0130186896
421,0.075824,0.0630596,0.075824,0.0803963,0.0706801,0.0731568,0.0066091936
422,0.0864927,0.0662983,0.0632501,0.0807773,0.0603925,0.07144218,0.0115035616
423,0.0864927,0.0562012,0.0622976,0.084397,0.069156,0.0717089,0.0133709316
424,0.0823014,0.0596304,0.0678224,0.0823014,0.060583,0.07052772,0.0112049864
425,0.0805868,0.0647742,0.0649648,0.0697276,0.0621071,0.0684321,0.0073284221
426,0.076967,0.0676319,0.0607735,0.0716327,0.0563917,0.06667936,0.0082461139
427,0.0847781,0.068013,0.0619166,0.0733473,0.0746809,0.07254718,0.0084905297
428,0.0777291,0.0634407,0.0634407,0.069156,0.0563917,0.06603164,0.0079521472
429,0.0788722,0.0619166,0.0649648,0.076967,0.0670604,0.0699562,0.0075263084
430,0.0792532,0.0672509,0.0619166,0.0756335,0.0590589,0.06862262,0.0086671612
431,0.0794437,0.068394,0.0642027,0.0784911,0.061345,0.0703753,0.0082412825
432,0.0842065,0.0628691,0.0628691,0.0775386,0.0657268,0.07064202,0.0097024983
433,0.0750619,0.0638217,0.068394,0.0784911,0.0584873,0.0688512,0.0081304334
434,0.0807773,0.0603925,0.0573443,0.0720137,0.0664889,0.06740334,0.0093713738
435,0.0923986,0.0622976,0.0628691,0.0784911,0.0598209,0.07117546,0.0139703106
436,0.076967,0.0569632,0.0602019,0.0742999,0.0704896,0.06778432,0.0087846836
437,0.084397,0.0573443,0.0562012,0.0706801,0.0674414,0.0672128,0.0114674952
438,0.0826824,0.0655363,0.053153,0.0735378,0.0619166,0.06736522,0.0112665029
439,0.0803963,0.0657268,0.068013,0.0725853,0.0542961,0.0682035,0.0095845012
440,0.083254,0.0678224,0.0596304,0.0781101,0.061345,0.07003238,0.0103515285
441,0.0794437,0.0571537,0.0619166,0.0811583,0.0550581,0.06694608,0.0124568068
442,0.0883978,0.0638217,0.0685845,0.0750619,0.0582968,0.07083254,0.0115950009
443,0.0857306,0.0697276,0.0571537,0.075824,0.0546771,0.0686226,0.0129593353
444,0.0821109,0.0586778,0.0594399,0.0767765,0.0603925,0.06747952,0.0111000308
445,0.0874452,0.0603925,0.0630596,0.0796342,0.0645837,0.07102304,0.0118504143
446,0.0823014,0.0586778,0.0577253,0.076205,0.0594399,0.06686988,0.0115240444
447,0.0802058,0.061726,0.0544866,0.0727758,0.0607735,0.06599354,0.0103181608
448,0.076586,0.0522004,0.0657268,0.0682035,0.0571537,0.06397408,0.0095545496
449,0.0876357,0.0636312,0.061345,0.0779196,0.053915,0.0688893,0.0136177051
450,0.076205,0.0626786,0.0571537,0.0760145,0.0510573,0.06462182,0.0112639729
451,0.0775386,0.0600114,0.0640122,0.0742999,0.0487712,0.06492666,0.0115424604
452,0.0750619,0.0636312,0.0546771,0.076205,0.0548676,0.06488856,0.0104622317
453,0.0771576,0.0602019,0.0562012,0.0731568,0.0514384,0.06363118,0.0110604015
454,0.0720137,0.0603925,0.0520099,0.068013,0.045342,0.05955422,0.0110271968
455,0.0811583,0.0640122,0.0541055,0.0752524,0.0544866,0.065803,0.0121776001
456,0.0744904,0.0674414,0.0626786,0.0824919,0.0459135,0.06660316,0.0137734115
457,0.0748714,0.060964,0.0584873,0.0807773,0.0421033,0.06344066,0.0151424359
458,0.0723947,0.060583,0.0571537,0.0779196,0.0577253,0.06515526,0.0094269918
459,0.0788722,0.0716327,0.0480091,0.076205,0.0487712,0.06469804,0.0151128373
460,0.0760145,0.060964,0.0621071,0.0733473,0.0476281,0.0640122,0.0113198825
461,0.0784911,0.053915,0.0565822,0.0739188,0.0426748,0.06111638,0.0148180075
462,0.0702991,0.0645837,0.0560107,0.0763955,0.0520099,0.06385978,0.0100145006
463,0.0763955,0.0649648,0.0565822,0.076967,0.0571537,0.06641264,0.009943764
464,0.0685845,0.0577253,0.0592494,0.0779196,0.0514384,0.06298344,0.0103602581
465,0.0773481,0.0575348,0.0520099,0.0682035,0.0481997,0.0606592,0.0119921563
466,0.0821109,0.0582968,0.0548676,0.0689655,0.046104,0.06206896,0.0138763319
467,0.069156,0.0577253,0.0512479,0.0710612,0.0512479,0.06008766,0.0095461619
468,0.0706801,0.0632501,0.0563917,0.0733473,0.0438179,0.06149742,0.0119000731
469,0.0674414,0.0575348,0.0569632,0.0693465,0.0544866,0.0611545,0.0067409957
470,0.0678224,0.0579158,0.0632501,0.0828729,0.0443894,0.06325012,0.0140547231
471,0.0767765,0.0554391,0.0533435,0.0767765,0.0563917,0.06374546,0.0119466541
472,0.0655363,0.0632501,0.0558202,0.0653458,0.0501048,0.06001144,0.0068039768
473,0.0710612,0.0626786,0.0541055,0.0720137,0.0476281,0.06149742,0.0106119242
474,0.068013,0.0582968,0.0541055,0.075824,0.0603925,0.06332636,0.0086180605
475,0.0664889,0.0670604,0.0611545,0.0672509,0.0489617,0.06218328,0.0078082329
476,0.0584873,0.0567727,0.053915,0.0725853,0.0441989,0.05719184,0.0102270068
477,0.0666794,0.0632501,0.0590589,0.0714422,0.046485,0.06138312,0.009487851
478,0.0742999,0.0672509,0.0556296,0.0666794,0.0438179,0.06153554,0.0119462171
479,0.076967,0.0590589,0.0508668,0.0699181,0.0485807,0.0610783,0.0121977003
480,0.0706801,0.060964,0.0573443,0.0826824,0.0497238,0.06427892,0.0127533559
481,0.0771576,0.0582968,0.0554391,0.0773481,0.0481997,0.06328826,0.0132686314
482,0.0754429,0.060583,0.0529625,0.075824,0.0405792,0.06107832,0.0150839487
483,0.0720137,0.0676319,0.0577253,0.0714422,0.0501048,0.06378358,0.0095526264
484,0.0739188,0.0621071,0.0640122,0.0615355,0.0430558,0.06092588,0.0111741668
485,0.0716327,0.0636312,0.0548676,0.0723947,0.0432463,0.0611545,0.0122729128
486,0.076586,0.0522004,0.0554391,0.0794437,0.0483902,0.06241188,0.0144956033
487,0.0630596,0.0554391,0.0510573,0.0727758,0.045342,0.05753476,0.0106984325
488,0.0710612,0.0607735,0.0571537,0.076586,0.0510573,0.06332634,0.0103777943
489,0.0716327,0.060964,0.0575348,0.0775386,0.0396266,0.06145934,0.0146146824
490,0.0723947,0.0546771,0.0651553,0.0716327,0.0523909,0.06325014,0.0093399683
491,0.0784911,0.061726,0.060583,0.0790627,0.046485,0.06526956,0.0137153216
492,0.0701086,0.061345,0.0476281,0.0819204,0.0472471,0.06164984,0.0148878076
493,0.0693465,0.0607735,0.053534,0.0744904,0.0537245,0.06237378,0.0093667491
494,0.0712517,0.0714422,0.0542961,0.0708706,0.0493427,0.06344066,0.0107542602
495,0.061726,0.0581063,0.0472471,0.0733473,0.0478186,0.05764906,0.0108178552
496,0.0672509,0.0666794,0.0592494,0.0779196,0.0512479,0.06446944,0.0099446617
497,0.083635,0.0630596,0.0560107,0.068775,0.0445799,0.06321204,0.0145523451
498,0.0708706,0.0630596,0.0474376,0.0668699,0.0502953,0.0597066,0.0103234115
499,0.0563917,0.0582968,0.0563917,0.0682035,0.046485,0.05715374,0.0077198965
500,0.0685845,0.0594399,0.0533435,0.0701086,0.046485,0.0595923,0.0100290113
501,0.0693465,0.0582968,0.0502953,0.068775,0.0468661,0.05871594,0.0103161894
502,0.0582968,0.0449609,0.0522004,0.075824,0.0459135,0.05543912,0.0125969193
503,0.0661078,0.0634407,0.0544866,0.0693465,0.045723,0.05982092,0.009625106
504,0.0628691,0.0575348,0.0485807,0.0619166,0.0443894,0.05505812,0.0082152702
505,0.0676319,0.0548676,0.0516289,0.0664889,0.0586778,0.05985902,0.0070430356
506,0.0702991,0.0588684,0.0548676,0.0643932,0.0504858,0.05978282,0.0077986839
507,0.0655363,0.0541055,0.0497238,0.0702991,0.0504858,0.0580301,0.0093298575
508,0.0544866,0.061726,0.0546771,0.0712517,0.0489617,0.05822062,0.0085779335
509,0.0670604,0.0556296,0.0514384,0.0664889,0.0445799,0.05703944,0.009725114
510,0.061726,0.0602019,0.0506763,0.0655363,0.0501048,0.05764906,0.0069080067
511,0.0714422,0.0474376,0.0462945,0.0712517,0.0502953,0.05734426,0.0128656106
512,0.0598209,0.0584873,0.0537245,0.0697276,0.0451515,0.05738236,0.0089797856
513,0.0699181,0.053153,0.0598209,0.068013,0.0428653,0.05875406,0.0111279656
514,0.0636312,0.0537245,0.0546771,0.075824,0.0501048,0.05959232,0.0103487164
515,0.0636312,0.0520099,0.0485807,0.0659173,0.0478186,0.05559154,0.0085681981
516,0.0685845,0.0575348,0.0491522,0.0661078,0.0407697,0.0564298,0.0116278076
517,0.0647742,0.0501048,0.0552486,0.068013,0.0476281,0.05715374,0.0089449688
518,0.0685845,0.0541055,0.0590589,0.0682035,0.0474376,0.059478,0.0091251483
519,0.0662983,0.0466756,0.0562012,0.0668699,0.0476281,0.05673462,0.0097286305
520,0.0662983,0.0497238,0.0560107,0.0655363,0.0440084,0.0563155,0.0097427867
521,0.0621071,0.0571537,0.0573443,0.0702991,0.0400076,0.05738236,0.0110804034
522,0.0727758,0.0569632,0.0560107,0.0600114,0.0470566,0.05856354,0.0092947886
523,0.061345,0.0619166,0.0522004,0.0611545,0.0480091,0.05692512,0.0064061739
524,0.0657268,0.0573443,0.052772,0.0676319,0.0501048,0.05871596,0.0077461289
525,0.0607735,0.0483902,0.046485,0.0771576,0.0462945,0.05582016,0.0133501839
526,0.0733473,0.0565822,0.0537245,0.0722042,0.0415317,0.05947798,0.0133965644
527,0.053534,0.0546771,0.0485807,0.0702991,0.0428653,0.05399124,0.0102431227
528,0.0638217,0.0512479,0.0525814,0.0638217,0.0447704,0.05524862,0.0083652304
529,0.0586778,0.0522004,0.0447704,0.0661078,0.0438179,0.05311486,0.0094427552
530,0.0542961,0.0483902,0.0529625,0.0647742,0.0478186,0.05364832,0.0068247461
531,0.052772,0.0523909,0.0443894,0.060583,0.0401981,0.05006668,0.0079519513
532,0.0552486,0.0600114,0.0541055,0.0632501,0.0440084,0.0553248,0.0073199728
533,0.0577253,0.0611545,0.0512479,0.0624881,0.0485807,0.0562393,0.006102932
534,0.0588684,0.0525814,0.0508668,0.0630596,0.0422938,0.053534,0.0079617268
535,0.0581063,0.0459135,0.0501048,0.0695371,0.0415317,0.05303868,0.0110641885
536,0.0602019,0.0560107,0.0462945,0.0653458,0.0493427,0.05543912,0.0077772665
537,0.0558202,0.0548676,0.0544866,0.0666794,0.046485,0.05566776,0.0072048236
538,0.0529625,0.0501048,0.0581063,0.0621071,0.0478186,0.05421986,0.0058481573
539,0.0569632,0.046485,0.053153,0.0725853,0.0438179,0.05460088,0.0113275818
540,0.053153,0.0501048,0.0470566,0.0640122,0.0499143,0.05284818,0.0066031137
541,0.0542961,0.0480091,0.0520099,0.0596304,0.0405792,0.05090494,0.0071390012
542,0.0508668,0.0512479,0.0571537,0.0563917,0.0426748,0.05166698,0.0057901272
543,0.0502953,0.0558202,0.0516289,0.053153,0.0508668,0.05235284,0.0022152154
544,0.053153,0.0523909,0.0516289,0.0552486,0.0497238,0.05242904,0.0020269459
545,0.0607735,0.0495332,0.0552486,0.0611545,0.0499143,0.05532482,0.0056235149
546,0.0556296,0.0443894,0.0501048,0.0542961,0.0403886,0.0489617,0.0064928299
547,0.0676319,0.0489617,0.0501048,0.0480091,0.045723,0.0520861,0.0088384146
548,0.0542961,0.0573443,0.0552486,0.0541055,0.0497238,0.05414366,0.0027849975
549,0.0622976,0.0518194,0.0508668,0.0584873,0.0451515,0.05372452,0.0067356234
550,0.0563917,0.0493427,0.053153,0.0598209,0.0430558,0.05235282,0.0064849916
551,0.0541055,0.0569632,0.0558202,0.0516289,0.045342,0.05277196,0.0046137696
552,0.0558202,0.0501048,0.0550581,0.0541055,0.0409602,0.05120976,0.0061385178
553,0.0493427,0.0483902,0.0541055,0.0573443,0.0541055,0.05265764,0.0037201227
554,0.0501048,0.0495332,0.0582968,0.0563917,0.0401981,0.05090492,0.007104619
555,0.0537245,0.0541055,0.0483902,0.0522004,0.0401981,0.04972374,0.0057848054
556,0.0499143,0.0562012,0.0522004,0.0504858,0.0447704,0.05071442,0.0041333015
557,0.0506763,0.0556296,0.0541055,0.0581063,0.0474376,0.05319106,0.0041942992
558,0.0470566,0.053153,0.0523909,0.0508668,0.0480091,0.05029528,0.0026739713
559,0.0560107,0.0590589,0.0546771,0.0466756,0.0476281,0.05281008,0.0054143847
560,0.0577253,0.053915,0.0478186,0.0501048,0.0489617,0.05170508,0.0040718102
561,0.0603925,0.0518194,0.0510573,0.0504858,0.0474376,0.05223852,0.0048522982
562,0.0584873,0.0441989,0.0497238,0.0510573,0.0462945,0.04995236,0.0054909146
563,0.0518194,0.0502953,0.0462945,0.0508668,0.0422938,0.04831396,0.0039702442
564,0.0581063,0.0470566,0.0541055,0.0497238,0.0413412,0.05006668,0.0064470867
565,0.0596304,0.0485807,0.0529625,0.0544866,0.0381025,0.05075254,0.0080991346
566,0.061726,0.0533435,0.0508668,0.0470566,0.045723,0.05174318,0.0063480777
567,0.0523909,0.0542961,0.0501048,0.0495332,0.045723,0.0504096,0.0032347964
568,0.0598209,0.0499143,0.0478186,0.0493427,0.0422938,0.04983806,0.0063423648
569,0.0565822,0.0550581,0.0485807,0.0506763,0.0445799,0.05109544,0.0048672134
570,0.0556296,0.053153,0.0516289,0.0441989,0.0438179,0.04968566,0.0053773645
571,0.0529625,0.0514384,0.0550581,0.053153,0.053153,0.053153,0.0012850632
572,0.0552486,0.0495332,0.0470566,0.0455325,0.038674,0.04720898,0.0060356685
573,0.0483902,0.0541055,0.0481997,0.0466756,0.0487712,0.04922844,0.0028404545
574,0.0626786,0.0550581,0.046104,0.0455325,0.0430558,0.0504858,0.0081931458
575,0.045342,0.0508668,0.0537245,0.0466756,0.0451515,0.04835208,0.0037848908
576,0.0529625,0.0522004,0.046104,0.0436274,0.0407697,0.0471328,0.0053268488
577,0.0607735,0.0510573,0.0512479,0.0502953,0.045723,0.0518194,0.0054902707
578,0.0518194,0.0552486,0.0474376,0.0466756,0.0436274,0.04896172,0.0045742609
579,0.0558202,0.0504858,0.0514384,0.0481997,0.0426748,0.04972378,0.0048139867
580,0.0542961,0.0504858,0.046485,0.0472471,0.0451515,0.0487331,0.0036779388
581,0.0550581,0.0522004,0.0510573,0.0455325,0.0392456,0.04861878,0.0062773572
582,0.0586778,0.0478186,0.0516289,0.0558202,0.0405792,0.05090494,0.0070930891
583,0.0600114,0.053534,0.045342,0.0449609,0.0426748,0.04930462,0.0072637381
584,0.0537245,0.0501048,0.0571537,0.0483902,0.0430558,0.0504858,0.0053547098
585,0.0510573,0.0508668,0.0516289,0.0506763,0.0455325,0.04995236,0.0024963539
586,0.0556296,0.0470566,0.0478186,0.0403886,0.0449609,0.04717086,0.0055422441
587,0.0541055,0.0571537,0.0472471,0.0520099,0.0440084,0.05090492,0.0052785789
588,0.0546771,0.0499143,0.0485807,0.0518194,0.0371499,0.04842828,0.0067078459
589,0.0546771,0.0466756,0.046485,0.0512479,0.0430558,0.04842828,0.0045472457
590,0.0491522,0.0542961,0.0487712,0.0495332,0.0409602,0.04854258,0.00479585
591,0.0508668,0.0491522,0.0470566,0.0415317,0.0392456,0.04557058,0.0049850809
592,0.0502953,0.0455325,0.0495332,0.0481997,0.037912,0.04629454,0.0050242491
593,0.0468661,0.0489617,0.0481997,0.052772,0.0421033,0.04778056,0.0038585218
594,0.053153,0.0396266,0.0483902,0.0489617,0.0462945,0.0472852,0.0049522317
595,0.0478186,0.0550581,0.0478186,0.0480091,0.0432463,0.04839014,0.0042343621
596,0.0472471,0.0546771,0.0481997,0.0567727,0.0409602,0.04957136,0.0063119647
597,0.0480091,0.0491522,0.0428653,0.046104,0.0438179,0.0459897,0.0026725941
598,0.0499143,0.052772,0.0468661,0.0462945,0.0481997,0.04880932,0.0026170534
599,0.0436274,0.045342,0.0421033,0.0529625,0.045723,0.04595164,0.0041769578
600,0.0497238,0.0544866,0.0491522,0.0481997,0.0417222,0.0486569,0.0045735133
601,0.0476281,0.0495332,0.0476281,0.0495332,0.0403886,0.04694224,0.0037854046
602,0.0491522,0.0562012,0.0422938,0.0563917,0.0409602,0.04899982,0.0073506663
603,0.0512479,0.0516289,0.0489617,0.0499143,0.0377215,0.04789486,0.005785747
604,0.0476281,0.0449609,0.0459135,0.0462945,0.0468661,0.04633262,0.0010026963
605,0.046104,0.0493427,0.0506763,0.0436274,0.0424843,0.04644694,0.0035370483
606,0.0476281,0.0447704,0.0476281,0.0474376,0.0421033,0.0459135,0.0024508615
607,0.0518194,0.0491522,0.0443894,0.0409602,0.0396266,0.04518956,0.0052233026
608,0.0470566,0.0424843,0.0468661,0.046485,0.0434368,0.04526576,0.0021410486
609,0.0478186,0.0451515,0.0474376,0.0548676,0.0438179,0.04781864,0.0042706143
610,0.0525814,0.0445799,0.0426748,0.046104,0.0415317,0.04549436,0.004332627
611,0.0440084,0.0483902,0.0434368,0.0455325,0.0415317,0.04457992,0.002566644
612,0.0434368,0.0560107,0.0447704,0.0381025,0.0495332,0.04637072,0.0067539408
613,0.0415317,0.0499143,0.0415317,0.0417222,0.0422938,0.04339874,0.0036556763
614,0.0449609,0.0468661,0.0390551,0.0445799,0.0438179,0.04385598,0.0029092795
615,0.0428653,0.0518194,0.0411507,0.0415317,0.0430558,0.04408458,0.0044016281
616,0.0440084,0.0529625,0.0459135,0.046485,0.0409602,0.04606592,0.0044176759
617,0.0466756,0.0451515,0.0449609,0.045342,0.0413412,0.04469424,0.0019917613
618,0.0419127,0.0430558,0.0487712,0.0428653,0.0394361,0.04320822,0.0034276389
619,0.0472471,0.0434368,0.037912,0.0415317,0.0413412,0.04229376,0.0034106467
620,0.0413412,0.046485,0.0462945,0.0518194,0.0440084,0.0459897,0.0038683888
621,0.038293,0.0455325,0.0436274,0.0472471,0.0396266,0.04286532,0.0038173953
622,0.0487712,0.0462945,0.0421033,0.0426748,0.0409602,0.0441608,0.0032593637
623,0.0514384,0.0497238,0.0405792,0.0466756,0.037912,0.0452658,0.0058310566
624,0.0447704,0.0394361,0.0445799,0.0476281,0.0440084,0.04408458,0.0029532353
625,0.0506763,0.045723,0.0401981,0.046485,0.0430558,0.04522764,0.0039219699
626,0.0459135,0.0483902,0.0409602,0.0459135,0.038293,0.04389408,0.0041337319
627,0.0573443,0.0449609,0.046485,0.0415317,0.046104,0.04728518,0.0059524402
628,0.0432463,0.0384835,0.0432463,0.0413412,0.0388645,0.04103636,0.0022964466
629,0.0508668,0.0476281,0.038674,0.0436274,0.0409602,0.0443513,0.0049356986
630,0.0468661,0.0436274,0.0369594,0.0468661,0.0409602,0.04305584,0.0042107342
631,0.0405792,0.0405792,0.037912,0.0415317,0.0417222,0.04046486,0.0015217008
632,0.0443894,0.0394361,0.0440084,0.0436274,0.0449609,0.04328444,0.0022069728
633,0.0472471,0.0394361,0.0390551,0.0428653,0.046104,0.04294152,0.0037395634
634,0.0489617,0.0394361,0.0434368,0.0424843,0.0468661,0.044237,0.0037415196
635,0.0491522,0.0396266,0.038293,0.0411507,0.038293,0.0413031,0.0045432272
636,0.0491522,0.0499143,0.0384835,0.0384835,0.0447704,0.04416078,0.0055419292
637,0.0430558,0.0476281,0.0415317,0.0474376,0.0394361,0.04381786,0.0036272417
638,0.045342,0.0407697,0.0365784,0.0403886,0.0409602,0.04080778,0.0031083436
639,0.0485807,0.0455325,0.0323871,0.0411507,0.0413412,0.04179844,0.0061062306
640,0.045342,0.0388645,0.0419127,0.0462945,0.0451515,0.04351304,0.0030796176
641,0.0405792,0.0390551,0.0417222,0.0396266,0.0363879,0.0394742,0.0019999155
642,0.0474376,0.0480091,0.0424843,0.0436274,0.0421033,0.04473234,0.0027947279
643,0.0480091,0.0377215,0.0373404,0.046485,0.0419127,0.04229374,0.0048943372
644,0.0451515,0.0396266,0.0361974,0.038293,0.0426748,0.04038866,0.0035514176
645,0.0470566,0.045342,0.0354353,0.037531,0.037531,0.04057918,0.0052365
646,0.0491522,0.0401981,0.0381025,0.0438179,0.0360069,0.04145552,0.0051800345
647,0.0445799,0.0417222,0.0354353,0.0415317,0.0341017,0.03947416,0.0044869659
648,0.0474376,0.0421033,0.0361974,0.0388645,0.0411507,0.0411507,0.0041891064
649,0.0472471,0.0392456,0.037912,0.0455325,0.0403886,0.04206516,0.004089146
650,0.046485,0.0358163,0.0421033,0.0377215,0.0369594,0.0398171,0.0044230077
651,0.0466756,0.0409602,0.0415317,0.0398171,0.0369594,0.0411888,0.0035370962
652,0.046485,0.0441989,0.0421033,0.0428653,0.0403886,0.04320822,0.0022916933
653,0.0516289,0.0434368,0.0407697,0.0424843,0.0390551,0.04347496,0.0048560065
654,0.0501048,0.0432463,0.0421033,0.0371499,0.0413412,0.0427891,0.0046929684
655,0.046104,0.0436274,0.0445799,0.0417222,0.038674,0.0429415,0.0028659409
656,0.0502953,0.0419127,0.0430558,0.0436274,0.0371499,0.04320822,0.0047118802
657,0.0485807,0.0352448,0.0415317,0.0428653,0.0401981,0.04168412,0.004812856
658,0.046104,0.0367689,0.0411507,0.0384835,0.0398171,0.04046484,0.0035452707
659,0.0455325,0.0417222,0.0436274,0.0443894,0.0415317,0.04336064,0.001723078
660,0.0434368,0.0409602,0.0403886,0.0445799,0.0361974,0.04111258,0.0032454071
661,0.046485,0.0413412,0.0403886,0.038293,0.0369594,0.04069344,0.0036660556
662,0.045342,0.0443894,0.0396266,0.0407697,0.038293,0.04168414,0.0030523709
663,0.0426748,0.0407697,0.0381025,0.0369594,0.0314346,0.0379882,0.0042930796
664,0.0430558,0.0381025,0.0367689,0.0428653,0.0388645,0.0399314,0.0028659292
665,0.0396266,0.0403886,0.0409602,0.046104,0.0329587,0.04000762,0.0046917708
666,0.0466756,0.0390551,0.0419127,0.0373404,0.0390551,0.04080778,0.0036680601
667,0.0472471,0.0434368,0.0329587,0.0481997,0.0405792,0.0424843,0.006136444
668,0.045723,0.0371499,0.0350543,0.0440084,0.0377215,0.03993142,0.0046521786
669,0.0491522,0.0441989,0.0392456,0.038674,0.0369594,0.04164602,0.0049854604
670,0.0426748,0.0392456,0.0394361,0.0354353,0.0392456,0.03920748,0.0025645089
671,0.0489617,0.0384835,0.0409602,0.0369594,0.0377215,0.04061726,0.0049006526
672,0.0459135,0.0413412,0.0369594,0.0358163,0.0394361,0.0398933,0.003993055
673,0.0455325,0.0432463,0.0422938,0.0401981,0.0348638,0.0412269,0.00404048
674,0.046104,0.0438179,0.0390551,0.0371499,0.037531,0.04073158,0.0040084597
675,0.0352448,0.0432463,0.0443894,0.0377215,0.0361974,0.03935988,0.0041838913
676,0.0499143,0.0445799,0.0356258,0.0390551,0.0407697,0.04198896,0.0054796879
677,0.0462945,0.0434368,0.038293,0.0371499,0.0434368,0.0417222,0.0038552229
678,0.0390551,0.0468661,0.0401981,0.0365784,0.037912,0.04012194,0.0040021292
679,0.0485807,0.0430558,0.0455325,0.0384835,0.0388645,0.0429034,0.0043305703
680,0.0462945,0.0381025,0.0417222,0.0487712,0.0400076,0.0429796,0.0044365284
681,0.0470566,0.038293,0.0344828,0.0369594,0.0365784,0.03867404,0.0048813598
682,0.0424843,0.0440084,0.0400076,0.0373404,0.0354353,0.0398552,0.0035370962
683,0.0472471,0.0413412,0.0424843,0.0419127,0.0384835,0.04229376,0.0031679071
684,0.0438179,0.0441989,0.0424843,0.0422938,0.0415317,0.04286532,0.0011108778
685,0.0468661,0.0421033,0.0413412,0.0396266,0.0361974,0.04122692,0.0038871117
686,0.0400076,0.0388645,0.0316251,0.0363879,0.0373404,0.0368451,0.0032319552
687,0.0426748,0.0419127,0.0405792,0.037531,0.037912,0.04012194,0.0023200112
688,0.0455325,0.037912,0.0413412,0.0350543,0.0401981,0.04000762,0.0039136307
689,0.0400076,0.0434368,0.0392456,0.0371499,0.0361974,0.03920746,0.0028205943
690,0.0424843,0.0365784,0.0363879,0.0381025,0.0367689,0.0380644,0.0025609635
691,0.0428653,0.038674,0.0358163,0.0392456,0.0350543,0.0383311,0.0031054186
692,0.0417222,0.038293,0.0421033,0.0373404,0.037531,0.03939798,0.0023270682
693,0.0388645,0.0360069,0.037531,0.0409602,0.0341017,0.03749286,0.0026274199
694,0.0421033,0.0344828,0.0396266,0.0360069,0.0381025,0.03806442,0.0029923151
695,0.0440084,0.0434368,0.0356258,0.0407697,0.0348638,0.0397409,0.0042909735
696,0.0390551,0.0462945,0.0371499,0.037912,0.0354353,0.03916936,0.0041947304
697,0.0398171,0.0333397,0.0352448,0.0323871,0.0405792,0.03627358,0.0037371669
698,0.0447704,0.0394361,0.0426748,0.0392456,0.037531,0.04073158,0.00292482
699,0.0335302,0.0388645,0.0394361,0.0377215,0.0360069,0.03711184,0.0023924216
700,0.0438179,0.0396266,0.0430558,0.0436274,0.0327681,0.04057916,0.0046860159
701,0.0388645,0.0327681,0.0363879,0.0398171,0.037531,0.03707372,0.0027363682
702,0.0430558,0.0422938,0.0415317,0.0392456,0.038674,0.04096018,0.0019146282
703,0.0485807,0.0354353,0.0339112,0.0415317,0.0367689,0.03924556,0.0059472388
704,0.0400076,0.0321966,0.0438179,0.0424843,0.0396266,0.0396266,0.004502319
705,0.0411507,0.0409602,0.0361974,0.0371499,0.0403886,0.03916936,0.0023200284
706,0.0424843,0.0373404,0.037531,0.0356258,0.0403886,0.03867402,0.0027310575
707,0.0413412,0.037531,0.038293,0.0367689,0.038293,0.03844542,0.0017377348
708,0.0413412,0.038674,0.0384835,0.0377215,0.030482,0.03734044,0.0040704562
709,0.0447704,0.0369594,0.038674,0.0401981,0.0310535,0.03833108,0.0049978214
710,0.0415317,0.0361974,0.0468661,0.0438179,0.037531,0.04118882,0.0044032675
711,0.0419127,0.0321966,0.0339112,0.038674,0.0405792,0.03745474,0.0042227646
712,0.0424843,0.0424843,0.0398171,0.0318156,0.0411507,0.0395504,0.0044630359
713,0.0405792,0.0398171,0.0422938,0.0361974,0.0394361,0.03966472,0.0022274498
714,0.0411507,0.0360069,0.0396266,0.0335302,0.0407697,0.03821682,0.003315135
715,0.0422938,0.0316251,0.0474376,0.0381025,0.0438179,0.04065538,0.0060569715
716,0.0459135,0.0365784,0.0392456,0.0411507,0.0367689,0.03993142,0.0038401351
717,0.0400076,0.0358163,0.0413412,0.0344828,0.0409602,0.03852162,0.0031518115
718,0.038674,0.037912,0.0392456,0.0401981,0.0381025,0.03882644,0.0009274527
719,0.0365784,0.0413412,0.038293,0.0361974,0.0358163,0.03764526,0.0022726154
720,0.0436274,0.0356258,0.0381025,0.0371499,0.0462945,0.04016002,0.0045691337
721,0.0440084,0.0333397,0.0396266,0.0377215,0.0333397,0.03760718,0.0045135772
722,0.0422938,0.0417222,0.0356258,0.0371499,0.0413412,0.03962658,0.0030243095
723,0.0390551,0.0426748,0.037912,0.0409602,0.0337207,0.03886456,0.0034026684
724,0.0430558,0.0352448,0.0367689,0.0352448,0.0331492,0.0366927,0.0037829905
725,0.0373404,0.0369594,0.0434368,0.0369594,0.0413412,0.03920744,0.0030014007
726,0.037531,0.038674,0.0424843,0.0422938,0.037531,0.03970282,0.0024970925
727,0.0341017,0.0367689,0.0434368,0.0384835,0.0403886,0.0386359,0.0035421915
728,0.0352448,0.0329587,0.0430558,0.038674,0.0369594,0.03737854,0.0038135616
729,0.030863,0.0390551,0.0434368,0.0384835,0.0360069,0.03756906,0.0046066928
730,0.0367689,0.031244,0.0388645,0.0339112,0.0384835,0.03585442,0.0032342307
731,0.0333397,0.0356258,0.0356258,0.0363879,0.0388645,0.03596874,0.0019816778
732,0.0299105,0.0365784,0.0384835,0.0365784,0.0398171,0.03627358,0.0038116564
733,0.0417222,0.0363879,0.0373404,0.0360069,0.0342922,0.03714992,0.0027836918
734,0.0373404,0.0329587,0.0367689,0.0352448,0.0390551,0.03627358,0.0023003868
735,0.0403886,0.037912,0.0381025,0.0358163,0.0411507,0.03867402,0.0021300001
736,0.0329587,0.0367689,0.0335302,0.0369594,0.0400076,0.03604496,0.0028684414
737,0.0363879,0.0339112,0.0381025,0.0407697,0.038293,0.03749286,0.0025396255
738,0.038293,0.0361974,0.0438179,0.0365784,0.0401981,0.03901696,0.0031170791
739,0.0335302,0.0361974,0.0424843,0.0356258,0.0417222,0.03791198,0.0039620161
740,0.0335302,0.0352448,0.0419127,0.0363879,0.0398171,0.03737854,0.0034223207
741,0.0323871,0.0306725,0.0390551,0.0302915,0.037531,0.03398744,0.0040449933
742,0.0360069,0.0354353,0.038674,0.0447704,0.0392456,0.03882644,0.003707399
743,0.0274338,0.0361974,0.0419127,0.037912,0.030101,0.03471138,0.0058849386
744,0.0281958,0.0417222,0.0371499,0.0327681,0.0394361,0.03585442,0.005411039
745,0.0337207,0.0327681,0.0396266,0.0350543,0.0299105,0.03421604,0.0035656839
746,0.0350543,0.0400076,0.0327681,0.0373404,0.0392456,0.0368832,0.0029929402
747,0.0323871,0.037531,0.0390551,0.0417222,0.0438179,0.03890266,0.0043722592
748,0.0341017,0.0321966,0.0363879,0.0323871,0.0335302,0.0337207,0.0016879556
749,0.0367689,0.0352448,0.0337207,0.0401981,0.0424843,0.03768336,0.0036006398
750,0.037531,0.0325776,0.038293,0.0363879,0.0316251,0.03528292,0.0030014092
751,0.0409602,0.0403886,0.0342922,0.0432463,0.0390551,0.03958848,0.0033255274
752,0.0392456,0.0348638,0.0339112,0.0371499,0.0400076,0.03703562,0.0026555856
753,0.0323871,0.0424843,0.038293,0.0421033,0.0360069,0.03825492,0.0042480595
754,0.0396266,0.0358163,0.0350543,0.0434368,0.0354353,0.03787386,0.003610694
755,0.0346733,0.0388645,0.0384835,0.0394361,0.0371499,0.03772146,0.0019003418
756,0.0419127,0.0388645,0.0346733,0.0342922,0.0371499,0.03737852,0.0031489196
757,0.037912,0.037531,0.0361974,0.0398171,0.0384835,0.0379882,0.0013240091
758,0.0426748,0.038293,0.0344828,0.0365784,0.0323871,0.03688322,0.0039242803
759,0.0337207,0.0333397,0.037531,0.0367689,0.0323871,0.03474948,0.0022606204
760,0.0358163,0.0281958,0.0335302,0.0348638,0.0396266,0.03440654,0.0041468904
761,0.037912,0.0377215,0.0371499,0.0401981,0.0396266,0.03852162,0.0013157707
762,0.0381025,0.031244,0.0344828,0.0419127,0.0344828,0.03604496,0.0040802496
763,0.0329587,0.0341017,0.0342922,0.0360069,0.0365784,0.03478758,0.0014793928
764,0.0373404,0.0297199,0.0341017,0.0392456,0.0438179,0.0368451,0.0053132471
765,0.0346733,0.0333397,0.0348638,0.0360069,0.0360069,0.03497812,0.0011076079
766,0.0337207,0.037531,0.0403886,0.0398171,0.0434368,0.03897884,0.0036162061
767,0.0356258,0.0390551,0.0360069,0.0411507,0.0411507,0.03859784,0.0026827815
768,0.0384835,0.031244,0.030482,0.0339112,0.0377215,0.03436844,0.00364871
769,0.0329587,0.030482,0.0363879,0.037912,0.0329587,0.03413986,0.0029771186
770,0.0341017,0.031244,0.037912,0.0344828,0.0363879,0.03482568,0.0025217081
771,0.0337207,0.0363879,0.0299105,0.0415317,0.0392456,0.03615928,0.0045671232
772,0.0341017,0.0341017,0.0388645,0.0331492,0.038674,0.03577822,0.0027587973
773,0.0331492,0.031244,0.0339112,0.0434368,0.0358163,0.0355115,0.0047237766
774,0.0348638,0.0356258,0.030863,0.0392456,0.0373404,0.03558772,0.0031345041
775,0.0342922,0.0281958,0.0325776,0.0346733,0.0331492,0.03257762,0.0025912694
776,0.0354353,0.0356258,0.0360069,0.0361974,0.0381025,0.03627358,0.0010658567
777,0.0377215,0.0358163,0.0341017,0.0396266,0.0337207,0.03619736,0.0024876461
778,0.0369594,0.0306725,0.0358163,0.0371499,0.0390551,0.03593064,0.0031610244
779,0.0358163,0.0302915,0.0276243,0.0388645,0.0407697,0.03467326,0.0055885435
780,0.0361974,0.0350543,0.0316251,0.0361974,0.0285769,0.03353022,0.003343478
781,0.0335302,0.0323871,0.0369594,0.0350543,0.0403886,0.03566392,0.0031489211
782,0.0388645,0.0270528,0.0369594,0.0333397,0.0388645,0.03501618,0.0049905221
783,0.0339112,0.0289579,0.037531,0.037531,0.0352448,0.03463518,0.0035319555
784,0.037912,0.0327681,0.0369594,0.038293,0.0346733,0.03612116,0.0023433925
785,0.0287674,0.0367689,0.0323871,0.0352448,0.0323871,0.03311106,0.0030760469
786,0.038293,0.0321966,0.0333397,0.0405792,0.0333397,0.03554964,0.0036685503
787,0.0321966,0.031244,0.0287674,0.0329587,0.0339112,0.03181558,0.0019660638
788,0.0381025,0.0302915,0.0310535,0.0373404,0.0310535,0.03356828,0.0038135798
789,0.0327681,0.0316251,0.0310535,0.037912,0.037912,0.03425414,0.0033957378
790,0.0373404,0.0333397,0.0346733,0.037531,0.0337207,0.03532102,0.0019917393
791,0.0405792,0.0293389,0.0342922,0.0325776,0.0335302,0.03406362,0.0041024628
792,0.037531,0.0341017,0.0320061,0.0369594,0.0363879,0.03539722,0.0022996161
793,0.0335302,0.0344828,0.0302915,0.0287674,0.0346733,0.03234904,0.0026651394
794,0.030863,0.0360069,0.0323871,0.0323871,0.0339112,0.03311106,0.0019447444
795,0.0337207,0.0360069,0.0348638,0.0381025,0.0405792,0.03665462,0.0027264055
796,0.031244,0.0306725,0.0346733,0.0398171,0.0342922,0.03413982,0.0036382486
797,0.0354353,0.0295294,0.0377215,0.0392456,0.0331492,0.0350162,0.0038396869
798,0.0299105,0.0341017,0.0369594,0.0365784,0.0367689,0.03486378,0.0030031973
799,0.0325776,0.038674,0.0339112,0.0352448,0.0287674,0.033835,0.0036287356
800,0.0342922,0.0367689,0.0371499,0.037912,0.0360069,0.03642598,0.0013764588
801,0.0363879,0.0287674,0.0323871,0.0367689,0.0316251,0.03318728,0.0033796451
802,0.0327681,0.0299105,0.0321966,0.0333397,0.0339112,0.03242522,0.0015441875
803,0.0384835,0.0369594,0.0327681,0.0325776,0.0325776,0.03467324,0.0028353827
804,0.0335302,0.0321966,0.0331492,0.0367689,0.0394361,0.0350162,0.003010461
805,0.0293389,0.0358163,0.0323871,0.0356258,0.0341017,0.03345396,0.0026827698
806,0.0396266,0.0346733,0.0318156,0.0341017,0.0360069,0.03524482,0.0028798294
807,0.0306725,0.0314346,0.0337207,0.0293389,0.0373404,0.03250142,0.0031379514
808,0.0354353,0.0295294,0.0371499,0.0339112,0.0316251,0.03353018,0.0030212829
809,0.030101,0.0306725,0.0321966,0.0352448,0.0318156,0.0320061,0.0019981024
810,0.0325776,0.0373404,0.0325776,0.0331492,0.031244,0.03337776,0.0023231551
811,0.0344828,0.0249571,0.0352448,0.0388645,0.0285769,0.03242522,0.0055729341
812,0.0329587,0.0321966,0.0333397,0.0377215,0.0321966,0.03368262,0.0023114236
813,0.0360069,0.0276243,0.0299105,0.0327681,0.0333397,0.0319299,0.0032375999
814,0.0331492,0.0306725,0.0335302,0.0396266,0.0403886,0.03547342,0.0042905371
815,0.0320061,0.0369594,0.0339112,0.0377215,0.0367689,0.03547342,0.0024188379
816,0.0327681,0.0325776,0.0323871,0.0323871,0.0354353,0.03311104,0.0013088668
817,0.0390551,0.030482,0.0350543,0.0341017,0.0337207,0.03448276,0.0030807862
818,0.0348638,0.0274338,0.0348638,0.0350543,0.0344828,0.0333397,0.0033080186
819,0.0339112,0.0318156,0.0285769,0.0350543,0.0337207,0.03261574,0.0025395955
820,0.0409602,0.0327681,0.0407697,0.0316251,0.0285769,0.03494,0.0056218983
821,0.0363879,0.0299105,0.0293389,0.0367689,0.0398171,0.03444466,0.0046007819
822,0.0329587,0.0346733,0.0306725,0.0346733,0.0331492,0.0332254,0.0016421832
823,0.0354353,0.0320061,0.0306725,0.0321966,0.0361974,0.03330158,0.0023848399
824,0.0335302,0.030101,0.030101,0.0291484,0.0344828,0.03147268,0.0023695728
825,0.0329587,0.0283864,0.0356258,0.037531,0.0363879,0.03417796,0.0036486886
826,0.0335302,0.0291484,0.0314346,0.0371499,0.0350543,0.03326348,0.0031089034
827,0.0341017,0.0281958,0.0314346,0.0342922,0.0331492,0.0322347,0.0025252811
828,0.0327681,0.0325776,0.0293389,0.0342922,0.0331492,0.0324252,0.0018490483
829,0.0302915,0.0302915,0.0297199,0.037912,0.0367689,0.03299676,0.0039925962
830,0.0320061,0.031244,0.0369594,0.0331492,0.0341017,0.03349208,0.0022233708
831,0.0384835,0.0281958,0.0346733,0.0352448,0.030863,0.03349208,0.0040107426
832,0.0342922,0.0335302,0.0289579,0.038293,0.0360069,0.03421604,0.0034624051
833,0.0348638,0.0321966,0.031244,0.0302915,0.0285769,0.03143456,0.0023371731
834,0.0325776,0.0371499,0.0348638,0.0405792,0.0344828,0.03593066,0.0030648397
835,0.0291484,0.0356258,0.0341017,0.0291484,0.0358163,0.03276812,0.0033704939
836,0.0299105,0.031244,0.0321966,0.0333397,0.037912,0.03292056,0.0030612736
837,0.0318156,0.0350543,0.0306725,0.0331492,0.0335302,0.03284436,0.0016749971
838,0.0302915,0.037531,0.0299105,0.0358163,0.0316251,0.03303488,0.0034360863
839,0.0344828,0.0321966,0.0289579,0.0321966,0.0348638,0.03253954,0.0023580609
840,0.0299105,0.0327681,0.0320061,0.0390551,0.0363879,0.03402554,0.0036561614
841,0.0266717,0.0346733,0.0360069,0.037531,0.0318156,0.0333397,0.0042791514
842,0.0268623,0.0342922,0.0314346,0.0331492,0.0327681,0.03170128,0.0028911196
843,0.0306725,0.0293389,0.0377215,0.030101,0.030863,0.03173938,0.003396271
844,0.0289579,0.0341017,0.0320061,0.0388645,0.0302915,0.03284434,0.0038777356
845,0.0333397,0.0344828,0.0321966,0.0257192,0.0352448,0.03219662,0.0038007112
846,0.031244,0.0348638,0.0341017,0.0274338,0.0331492,0.0321585,0.0029679648
847,0.0352448,0.0274338,0.0314346,0.0320061,0.0352448,0.03227282,0.0032347796
848,0.0274338,0.0325776,0.0335302,0.0341017,0.0344828,0.03242522,0.002881089
849,0.0281958,0.0350543,0.0361974,0.0283864,0.0371499,0.03299676,0.0043597814
850,0.0245761,0.0390551,0.0325776,0.0354353,0.031244,0.03257762,0.0053834688
851,0.030863,0.0335302,0.0384835,0.0371499,0.0342922,0.03486376,0.0030182817
852,0.0291484,0.0262907,0.0348638,0.030101,0.0278148,0.02964374,0.0032515909
853,0.0261002,0.0341017,0.0333397,0.0289579,0.0331492,0.03112974,0.003457161
854,0.0272433,0.0341017,0.0314346,0.0293389,0.0331492,0.03105354,0.0027967032
855,0.0255287,0.031244,0.0342922,0.038293,0.0335302,0.03257762,0.0046898448
856,0.0261002,0.0320061,0.0331492,0.031244,0.0354353,0.03158696,0.003451382
857,0.030482,0.0323871,0.0350543,0.0367689,0.0323871,0.03341588,0.0024825185
858,0.0306725,0.0272433,0.0377215,0.030863,0.0321966,0.03173938,0.0038116866
859,0.0306725,0.0295294,0.030863,0.0342922,0.0327681,0.03162504,0.0018907719
860,0.0314346,0.0333397,0.0352448,0.0297199,0.0400076,0.03394932,0.0039675078
861,0.030101,0.0356258,0.0335302,0.0299105,0.0314346,0.03212042,0.0024345082
862,0.0314346,0.0293389,0.0299105,0.0384835,0.0348638,0.03280626,0.0038325575
863,0.0281958,0.0321966,0.0348638,0.0316251,0.0348638,0.03234902,0.0027588388
864,0.0335302,0.0335302,0.0327681,0.030482,0.0297199,0.03200608,0.0017871763
865,0.0274338,0.0295294,0.0306725,0.0297199,0.0318156,0.02983424,0.0016199213
866,0.0325776,0.0293389,0.031244,0.0331492,0.030482,0.03135834,0.001545393
867,0.0236235,0.0341017,0.0329587,0.0344828,0.0341017,0.03185368,0.0046361728
868,0.0283864,0.0289579,0.0302915,0.0295294,0.0310535,0.02964374,0.0010572807
869,0.0283864,0.0249571,0.0314346,0.0272433,0.0331492,0.02903412,0.0032766163
870,0.0295294,0.0321966,0.0337207,0.0314346,0.0339112,0.0321585,0.0017993107
871,0.0253382,0.0348638,0.031244,0.0318156,0.0310535,0.03086302,0.0034503157
872,0.0278148,0.0285769,0.0371499,0.0302915,0.0352448,0.03181558,0.0041542938
873,0.0293389,0.0348638,0.0320061,0.0297199,0.0321966,0.03162506,0.0022258396
874,0.0291484,0.031244,0.0358163,0.0306725,0.0358163,0.0325395,0.003087815
875,0.0281958,0.0280053,0.0346733,0.0342922,0.0344828,0.03192988,0.0034989281
876,0.0253382,0.0281958,0.031244,0.031244,0.0352448,0.03025336,0.003717175
877,0.0270528,0.0346733,0.030482,0.0261002,0.0363879,0.03093924,0.0045376451
878,0.0220994,0.0283864,0.0339112,0.0278148,0.0350543,0.02945322,0.0052236691
879,0.0344828,0.0297199,0.0333397,0.0335302,0.0327681,0.03276814,0.0018124046
880,0.0280053,0.0323871,0.030101,0.0306725,0.0333397,0.03090112,0.0020756349
881,0.0276243,0.0390551,0.0287674,0.0337207,0.0329587,0.03242524,0.004537253
882,0.0264812,0.0337207,0.0331492,0.031244,0.0299105,0.03090112,0.0028999346
883,0.0310535,0.0291484,0.0341017,0.0306725,0.0337207,0.03173936,0.0021111624
884,0.0240046,0.0363879,0.0354353,0.0299105,0.0331492,0.0317775,0.0050105018
885,0.0261002,0.0344828,0.0327681,0.0346733,0.0316251,0.0319299,0.0034937239
886,0.0333397,0.0316251,0.0358163,0.0281958,0.030863,0.03196798,0.0028398535
887,0.0249571,0.0339112,0.030101,0.0327681,0.031244,0.03059628,0.0034702554
888,0.0272433,0.0306725,0.0314346,0.0261002,0.0373404,0.0305582,0.0044057265
889,0.022671,0.0289579,0.0314346,0.0325776,0.0268623,0.02850068,0.003940421
890,0.0325776,0.0323871,0.0341017,0.0255287,0.0341017,0.03173936,0.003565663
891,0.0259097,0.0329587,0.030482,0.0342922,0.0327681,0.03128214,0.0033008608
892,0.0339112,0.030482,0.030101,0.030482,0.0331492,0.03162508,0.0017667322
893,0.0247666,0.0329587,0.030482,0.0346733,0.0321966,0.03101544,0.0038040734
894,0.0274338,0.0278148,0.0316251,0.0272433,0.031244,0.0290722,0.002170501
895,0.0266717,0.0320061,0.0384835,0.0331492,0.0299105,0.0320442,0.0043618658
896,0.0270528,0.0280053,0.0323871,0.0320061,0.0371499,0.03132024,0.0040247174
897,0.0251476,0.0310535,0.0293389,0.0318156,0.0329587,0.03006286,0.0030464427
898,0.0302915,0.0274338,0.030863,0.0266717,0.0327681,0.02960562,0.0025187995
899,0.0249571,0.030101,0.0331492,0.0291484,0.031244,0.02971994,0.0030511921
900,0.0253382,0.0276243,0.0325776,0.0251476,0.0320061,0.02853876,0.0035677186
901,0.0257192,0.0285769,0.0323871,0.0278148,0.0314346,0.02918652,0.0027190594
902,0.0270528,0.0249571,0.0356258,0.0310535,0.0354353,0.0308249,0.0048222532
903,0.0299105,0.0302915,0.0310535,0.0259097,0.0325776,0.02994856,0.0024781137
904,0.0325776,0.0238141,0.0325776,0.0289579,0.0314346,0.02987236,0.0036951317
905,0.0283864,0.0403886,0.031244,0.0289579,0.0341017,0.03261572,0.004893215
906,0.0245761,0.0268623,0.0299105,0.0266717,0.0287674,0.0273576,0.0020589656
907,0.0278148,0.0320061,0.0278148,0.030101,0.0321966,0.02998666,0.0021452854
908,0.0257192,0.0302915,0.0333397,0.0268623,0.0259097,0.02842448,0.0033063657
909,0.0285769,0.0253382,0.0398171,0.0302915,0.0341017,0.03162508,0.0055641157
910,0.0268623,0.0270528,0.0342922,0.0297199,0.030101,0.02960564,0.0030110292
911,0.0259097,0.0291484,0.0341017,0.031244,0.0329587,0.0306725,0.0032526866
912,0.030482,0.0344828,0.0318156,0.0295294,0.0354353,0.03234902,0.002539621
913,0.0287674,0.0253382,0.0339112,0.0310535,0.0325776,0.03032958,0.0033823046
914,0.0316251,0.030101,0.0369594,0.031244,0.030482,0.0320823,0.0027921494
915,0.0266717,0.0280053,0.0335302,0.0240046,0.0346733,0.02937702,0.0045651603
916,0.0280053,0.030101,0.0316251,0.0264812,0.0337207,0.02998666,0.0028659489
917,0.0293389,0.0266717,0.0316251,0.0342922,0.0327681,0.0309392,0.0029929275
918,0.0238141,0.0276243,0.0333397,0.0262907,0.0325776,0.02872928,0.0041046372
919,0.0295294,0.0278148,0.0339112,0.0287674,0.0363879,0.03128214,0.0036877908
920,0.030101,0.0302915,0.0321966,0.0297199,0.0341017,0.03128214,0.0018441264
921,0.0264812,0.0285769,0.0295294,0.0259097,0.0331492,0.02872928,0.0028811022
922,0.0291484,0.0344828,0.0320061,0.0369594,0.030482,0.03261574,0.0031344955
923,0.0323871,0.0318156,0.0337207,0.0316251,0.0310535,0.0321204,0.0010134828
924,0.0299105,0.0247666,0.0310535,0.030863,0.0314346,0.02960564,0.0027627701
925,0.030101,0.0276243,0.0341017,0.0274338,0.0325776,0.03036768,0.0029593731
926,0.0283864,0.0283864,0.031244,0.0299105,0.0339112,0.0303677,0.0023121648
927,0.0285769,0.0291484,0.0283864,0.0337207,0.0299105,0.02994858,0.0021904646
928,0.0272433,0.0352448,0.0281958,0.0264812,0.0360069,0.0306344,0.0046047515
929,0.0247666,0.0270528,0.0306725,0.023052,0.0337207,0.02785292,0.004347277
930,0.0261002,0.0289579,0.0306725,0.023433,0.0281958,0.02747188,0.0027915203
931,0.0243856,0.031244,0.0346733,0.0190512,0.031244,0.02811962,0.0062978839
932,0.0232425,0.0323871,0.0321966,0.0247666,0.0342922,0.029377,0.0050014477
933,0.0272433,0.0339112,0.0285769,0.0236235,0.0295294,0.02857686,0.0037308402
934,0.0243856,0.0262907,0.0352448,0.0280053,0.0299105,0.02876738,0.0041586776
935,0.0278148,0.0320061,0.0316251,0.0281958,0.0342922,0.0307868,0.0027396776
936,0.0337207,0.030482,0.0293389,0.0251476,0.0369594,0.03112972,0.0044752286
937,0.0236235,0.0318156,0.030482,0.0240046,0.0333397,0.02865308,0.00453365
938,0.0261002,0.0240046,0.0278148,0.0213374,0.031244,0.0261002,0.0037574704
939,0.0270528,0.0342922,0.0274338,0.0240046,0.0333397,0.02922462,0.0044098384
940,0.0251476,0.0310535,0.0335302,0.0207659,0.0339112,0.02888168,0.0057321647
941,0.0278148,0.0310535,0.0314346,0.0236235,0.0272433,0.02823394,0.0031861947
942,0.0299105,0.030101,0.0274338,0.0236235,0.0342922,0.0290722,0.0039173417
943,0.0264812,0.0251476,0.0316251,0.0224805,0.0306725,0.02728138,0.0038278373
944,0.0274338,0.0274338,0.0293389,0.0255287,0.0335302,0.02865308,0.0030410396
945,0.0261002,0.0306725,0.031244,0.0255287,0.0310535,0.02891978,0.0028493965
946,0.0261002,0.0302915,0.0323871,0.0209564,0.0316251,0.02827206,0.0047563228
947,0.0302915,0.0278148,0.0367689,0.0245761,0.0339112,0.0306725,0.0048252713
948,0.030482,0.0310535,0.0306725,0.0217184,0.0327681,0.0293389,0.0043547805
949,0.0264812,0.0232425,0.0280053,0.0188607,0.030482,0.02541434,0.004505539
950,0.0264812,0.0255287,0.0329587,0.0220994,0.0354353,0.02850066,0.00551929
951,0.030482,0.0211469,0.0361974,0.0224805,0.0299105,0.02804346,0.0062134555
952,0.0280053,0.0293389,0.0283864,0.0213374,0.0335302,0.02811964,0.0043830289
953,0.0295294,0.0287674,0.0306725,0.0200038,0.0339112,0.02857686,0.0051789933
954,0.0236235,0.0259097,0.0318156,0.0253382,0.0299105,0.0273195,0.0034096077
955,0.0310535,0.0299105,0.0320061,0.0264812,0.0341017,0.0307106,0.0028206136
956,0.0280053,0.0255287,0.0318156,0.0274338,0.0400076,0.0305582,0.0057542866
957,0.0278148,0.0356258,0.0320061,0.0268623,0.0350543,0.03147266,0.0040310245
958,0.0272433,0.0285769,0.0335302,0.0236235,0.0356258,0.02971994,0.0048477864
959,0.0247666,0.0253382,0.0241951,0.0186702,0.0297199,0.024538,0.0039399658
960,0.0243856,0.0270528,0.030863,0.0205753,0.0341017,0.02739568,0.0053077477
961,0.0251476,0.022671,0.0323871,0.0245761,0.0289579,0.02674794,0.0038917691
962,0.0306725,0.0261002,0.0318156,0.0200038,0.0320061,0.02811964,0.0051290053
963,0.0314346,0.0240046,0.0297199,0.0215279,0.030101,0.0273576,0.0043288753
964,0.0314346,0.0264812,0.0329587,0.0232425,0.0327681,0.02937702,0.0043179741
965,0.0268623,0.0257192,0.0295294,0.0224805,0.0287674,0.02667176,0.0027869405
966,0.0293389,0.0209564,0.0302915,0.0198133,0.0318156,0.02644314,0.0056151073
967,0.0268623,0.0268623,0.0297199,0.0209564,0.0297199,0.02682416,0.0035778533
968,0.0281958,0.031244,0.0320061,0.0180987,0.0276243,0.02743378,0.0055494274
969,0.0249571,0.0262907,0.0297199,0.0196228,0.0342922,0.02697654,0.00546971
970,0.0274338,0.0278148,0.0287674,0.0224805,0.0335302,0.02800534,0.0039367383
971,0.0236235,0.0247666,0.0337207,0.0205753,0.0316251,0.02686224,0.0055706837
972,0.0264812,0.023433,0.0281958,0.0196228,0.0291484,0.02537624,0.003881955
973,0.0285769,0.0323871,0.030101,0.0249571,0.0268623,0.02857688,0.0028671985
974,0.0257192,0.0274338,0.030101,0.0236235,0.0272433,0.02682416,0.0023848575
975,0.0241951,0.0272433,0.0318156,0.0196228,0.0293389,0.02644314,0.0047291577
976,0.0268623,0.0245761,0.0314346,0.0190512,0.0318156,0.02674796,0.0052824174
977,0.0261002,0.0287674,0.0297199,0.0236235,0.0295294,0.02754808,0.0026281104
978,0.0243856,0.0285769,0.0323871,0.0192418,0.0283864,0.02659556,0.0049909033
979,0.0245761,0.0280053,0.0278148,0.0228615,0.030863,0.02682414,0.0031402681
980,0.0278148,0.0302915,0.0268623,0.0264812,0.0278148,0.02785292,0.0014842946
981,0.0240046,0.0257192,0.0283864,0.0196228,0.0333397,0.02621454,0.0051006155
982,0.0257192,0.0310535,0.0346733,0.0255287,0.0306725,0.02952944,0.0038927012
983,0.0259097,0.0243856,0.030863,0.0211469,0.0257192,0.02560488,0.0035040705
984,0.0213374,0.0272433,0.0342922,0.02229,0.0257192,0.02617642,0.0051413409
985,0.0249571,0.0255287,0.0306725,0.0217184,0.0270528,0.0259859,0.0032627256
986,0.0247666,0.0310535,0.0377215,0.0219089,0.0276243,0.02861496,0.006116332
987,0.0228615,0.0276243,0.0268623,0.0228615,0.030101,0.02606212,0.0031575775
988,0.0209564,0.0236235,0.0333397,0.0179082,0.0281958,0.02480472,0.0060850666
989,0.0245761,0.0240046,0.0314346,0.022671,0.0310535,0.02674796,0.0041643388
990,0.0255287,0.0215279,0.0329587,0.0177177,0.030101,0.0255668,0.0061871175
991,0.0251476,0.0276243,0.0276243,0.0205753,0.0314346,0.02648122,0.0039939852
992,0.0211469,0.0293389,0.0329587,0.0171461,0.0289579,0.0259097,0.0065235015
993,0.0306725,0.023433,0.0261002,0.0261002,0.0287674,0.02701466,0.0027817554
994,0.0209564,0.0245761,0.0299105,0.023433,0.0302915,0.0258335,0.0041117287
995,0.023433,0.0236235,0.0400076,0.0188607,0.0323871,0.02766238,0.0084616372
996,0.0253382,0.0257192,0.0323871,0.0201943,0.0281958,0.02636692,0.0044487755
997,0.0266717,0.0287674,0.0356258,0.0207659,0.0266717,0.0277005,0.0053421483
998,0.0272433,0.0299105,0.0325776,0.0182892,0.0302915,0.02766242,0.0055713067
999,0.0287674,0.0245761,0.0323871,0.0232425,0.0291484,0.0276243,0.0037015374
